County,HINDI,Muni,VoterCount
ADAMS COUNTY,1002,TOWN OF ADAMS ,844
ADAMS COUNTY,1004,TOWN OF BIG FLATS ,641
ADAMS COUNTY,1006,TOWN OF COLBURN ,174
ADAMS COUNTY,1008,TOWN OF DELL PRAIRIE ,1099
ADAMS COUNTY,1010,TOWN OF EASTON ,659
ADAMS COUNTY,1012,TOWN OF JACKSON ,774
ADAMS COUNTY,1014,TOWN OF LEOLA ,197
ADAMS COUNTY,1016,TOWN OF LINCOLN ,232
ADAMS COUNTY,1018,TOWN OF MONROE ,315
ADAMS COUNTY,1020,TOWN OF NEW CHESTER ,572
ADAMS COUNTY,1022,TOWN OF NEW HAVEN ,433
ADAMS COUNTY,1024,TOWN OF PRESTON ,846
ADAMS COUNTY,1026,TOWN OF QUINCY ,855
ADAMS COUNTY,1028,TOWN OF RICHFIELD ,118
ADAMS COUNTY,1030,TOWN OF ROME ,2516
ADAMS COUNTY,1032,TOWN OF SPRINGVILLE ,827
ADAMS COUNTY,1034,TOWN OF STRONGS PRAIRIE ,813
ADAMS COUNTY,1126,VILLAGE OF FRIENDSHIP ,346
ADAMS COUNTY,1201,CITY OF ADAMS ,937
ASHLAND COUNTY,2002,TOWN OF AGENDA ,275
ASHLAND COUNTY,2004,TOWN OF ASHLAND ,365
ASHLAND COUNTY,2006,TOWN OF CHIPPEWA ,243
ASHLAND COUNTY,2008,TOWN OF GINGLES ,547
ASHLAND COUNTY,2010,TOWN OF GORDON ,202
ASHLAND COUNTY,2012,TOWN OF JACOBS ,406
ASHLAND COUNTY,2014,TOWN OF LA POINTE ,341
ASHLAND COUNTY,2016,TOWN OF MARENGO ,250
ASHLAND COUNTY,2018,TOWN OF MORSE ,363
ASHLAND COUNTY,2020,TOWN OF PEEKSVILLE ,109
ASHLAND COUNTY,2022,TOWN OF SANBORN ,627
ASHLAND COUNTY,2024,TOWN OF SHANAGOLDEN ,94
ASHLAND COUNTY,2026,TOWN OF WHITE RIVER ,619
ASHLAND COUNTY,2106,VILLAGE OF BUTTERNUT ,199
ASHLAND COUNTY,2201,CITY OF ASHLAND ,4895
ASHLAND COUNTY,2251,CITY OF MELLEN ,389
BARRON COUNTY,3002,TOWN OF ALMENA ,599
BARRON COUNTY,3004,TOWN OF ARLAND ,393
BARRON COUNTY,3006,TOWN OF BARRON ,452
BARRON COUNTY,3008,TOWN OF BEAR LAKE ,481
BARRON COUNTY,3010,TOWN OF CEDAR LAKE ,873
BARRON COUNTY,3012,TOWN OF CHETEK ,1292
BARRON COUNTY,3014,TOWN OF CLINTON ,438
BARRON COUNTY,3016,TOWN OF CRYSTAL LAKE ,503
BARRON COUNTY,3018,TOWN OF CUMBERLAND ,563
BARRON COUNTY,3020,TOWN OF DALLAS ,333
BARRON COUNTY,3022,TOWN OF DOVRE ,492
BARRON COUNTY,3024,TOWN OF DOYLE ,343
BARRON COUNTY,3026,TOWN OF LAKELAND ,681
BARRON COUNTY,3028,TOWN OF MAPLE GROVE ,523
BARRON COUNTY,3030,TOWN OF MAPLE PLAIN ,598
BARRON COUNTY,3032,TOWN OF OAK GROVE ,584
BARRON COUNTY,3034,TOWN OF PRAIRIE FARM ,353
BARRON COUNTY,3036,TOWN OF PRAIRIE LAKE ,1079
BARRON COUNTY,3038,TOWN OF RICE LAKE ,1802
BARRON COUNTY,3040,TOWN OF SIOUX CREEK ,419
BARRON COUNTY,3042,TOWN OF STANFOLD ,421
BARRON COUNTY,3044,TOWN OF STANLEY ,1589
BARRON COUNTY,3046,TOWN OF SUMNER ,486
BARRON COUNTY,3048,TOWN OF TURTLE LAKE ,402
BARRON COUNTY,3050,TOWN OF VANCE CREEK ,432
BARRON COUNTY,3101,VILLAGE OF ALMENA ,372
BARRON COUNTY,3111,VILLAGE OF CAMERON ,1022
BARRON COUNTY,3116,VILLAGE OF DALLAS ,208
BARRON COUNTY,3136,VILLAGE OF HAUGEN ,172
BARRON COUNTY,3171,VILLAGE OF PRAIRIE FARM ,243
BARRON COUNTY,3186,VILLAGE OF TURTLE LAKE ,509
POLK COUNTY,3186,VILLAGE OF TURTLE LAKE ,41
BARRON COUNTY,3206,CITY OF BARRON ,1738
BARRON COUNTY,3211,CITY OF CHETEK ,1268
BARRON COUNTY,3212,CITY OF CUMBERLAND ,1329
BARRON COUNTY,3276,CITY OF RICE LAKE ,4890
BAYFIELD COUNTY,4002,TOWN OF BARKSDALE ,570
BAYFIELD COUNTY,4004,TOWN OF BARNES ,761
BAYFIELD COUNTY,4006,TOWN OF BAYFIELD ,640
BAYFIELD COUNTY,4008,TOWN OF BAYVIEW ,399
BAYFIELD COUNTY,4010,TOWN OF BELL ,305
BAYFIELD COUNTY,4012,TOWN OF CABLE ,708
BAYFIELD COUNTY,4014,TOWN OF CLOVER ,224
BAYFIELD COUNTY,4016,TOWN OF DELTA ,284
BAYFIELD COUNTY,4018,TOWN OF DRUMMOND ,421
BAYFIELD COUNTY,4020,TOWN OF EILEEN ,506
BAYFIELD COUNTY,4021,TOWN OF GRAND VIEW ,400
BAYFIELD COUNTY,4022,TOWN OF HUGHES ,371
BAYFIELD COUNTY,4024,TOWN OF IRON RIVER ,924
BAYFIELD COUNTY,4026,TOWN OF KELLY ,288
BAYFIELD COUNTY,4028,TOWN OF KEYSTONE ,254
BAYFIELD COUNTY,4030,TOWN OF LINCOLN ,216
BAYFIELD COUNTY,4032,TOWN OF MASON ,198
BAYFIELD COUNTY,4034,TOWN OF NAMAKAGON ,315
BAYFIELD COUNTY,4036,TOWN OF ORIENTA ,109
BAYFIELD COUNTY,4038,TOWN OF OULU ,430
BAYFIELD COUNTY,4040,TOWN OF PILSEN ,170
BAYFIELD COUNTY,4042,TOWN OF PORT WING ,301
BAYFIELD COUNTY,4046,TOWN OF RUSSELL ,820
BAYFIELD COUNTY,4048,TOWN OF TRIPP ,164
BAYFIELD COUNTY,4050,TOWN OF WASHBURN ,439
BAYFIELD COUNTY,4151,VILLAGE OF MASON ,57
BAYFIELD COUNTY,4206,CITY OF BAYFIELD ,418
BAYFIELD COUNTY,4291,CITY OF WASHBURN ,1403
BROWN COUNTY,5010,TOWN OF EATON ,1166
BROWN COUNTY,5012,TOWN OF GLENMORE ,736
BROWN COUNTY,5014,TOWN OF GREEN BAY ,1525
BROWN COUNTY,5018,TOWN OF HOLLAND ,1072
BROWN COUNTY,5022,TOWN OF HUMBOLDT ,903
BROWN COUNTY,5024,TOWN OF LAWRENCE ,4497
BROWN COUNTY,5025,TOWN OF LEDGEVIEW ,5947
BROWN COUNTY,5026,TOWN OF MORRISON ,1046
BROWN COUNTY,5028,TOWN OF NEW DENMARK ,1094
BROWN COUNTY,5030,TOWN OF PITTSFIELD ,1993
BROWN COUNTY,5034,TOWN OF ROCKLAND ,1280
BROWN COUNTY,5036,TOWN OF SCOTT ,2682
BROWN COUNTY,5040,TOWN OF WRIGHTSTOWN ,1657
BROWN COUNTY,5102,VILLAGE OF ALLOUEZ ,8640
BROWN COUNTY,5104,VILLAGE OF ASHWAUBENON ,10555
BROWN COUNTY,5106,VILLAGE OF BELLEVUE ,9514
BROWN COUNTY,5116,VILLAGE OF DENMARK ,1378
BROWN COUNTY,5126,VILLAGE OF HOBART ,6546
BROWN COUNTY,5136,VILLAGE OF HOWARD ,13072
BROWN COUNTY,5171,VILLAGE OF PULASKI ,2155
SHAWANO COUNTY,5171,VILLAGE OF PULASKI ,102
BROWN COUNTY,5178,VILLAGE OF SUAMICO ,8885
BROWN COUNTY,5191,VILLAGE OF WRIGHTSTOWN ,1728
OUTAGAMIE COUNTY,5191,VILLAGE OF WRIGHTSTOWN ,232
BROWN COUNTY,5216,CITY OF DE PERE ,15672
BROWN COUNTY,5231,CITY OF GREEN BAY ,52027
BUFFALO COUNTY,6002,TOWN OF ALMA ,185
BUFFALO COUNTY,6004,TOWN OF BELVIDERE ,306
BUFFALO COUNTY,6006,TOWN OF BUFFALO ,536
BUFFALO COUNTY,6008,TOWN OF CANTON ,184
BUFFALO COUNTY,6010,TOWN OF CROSS ,252
BUFFALO COUNTY,6012,TOWN OF DOVER ,277
BUFFALO COUNTY,6014,TOWN OF GILMANTON ,277
BUFFALO COUNTY,6016,TOWN OF GLENCOE ,253
BUFFALO COUNTY,6018,TOWN OF LINCOLN ,130
BUFFALO COUNTY,6020,TOWN OF MAXVILLE ,220
BUFFALO COUNTY,6022,TOWN OF MILTON ,409
BUFFALO COUNTY,6024,TOWN OF MODENA ,191
BUFFALO COUNTY,6026,TOWN OF MONDOVI ,294
BUFFALO COUNTY,6028,TOWN OF MONTANA ,170
BUFFALO COUNTY,6030,TOWN OF NAPLES ,468
BUFFALO COUNTY,6032,TOWN OF NELSON ,369
BUFFALO COUNTY,6034,TOWN OF WAUMANDEE ,353
BUFFALO COUNTY,6111,VILLAGE OF COCHRANE ,266
BUFFALO COUNTY,6154,VILLAGE OF NELSON ,189
BUFFALO COUNTY,6201,CITY OF ALMA ,505
BUFFALO COUNTY,6206,CITY OF BUFFALO CITY ,692
BUFFALO COUNTY,6226,CITY OF FOUNTAIN CITY ,490
BUFFALO COUNTY,6251,CITY OF MONDOVI ,1501
BURNETT COUNTY,7002,TOWN OF ANDERSON ,293
BURNETT COUNTY,7004,TOWN OF BLAINE ,170
BURNETT COUNTY,7006,TOWN OF DANIELS ,475
BURNETT COUNTY,7008,TOWN OF DEWEY ,327
BURNETT COUNTY,7010,TOWN OF GRANTSBURG ,709
BURNETT COUNTY,7012,TOWN OF JACKSON ,775
BURNETT COUNTY,7014,TOWN OF LA FOLLETTE ,371
BURNETT COUNTY,7016,TOWN OF LINCOLN ,224
BURNETT COUNTY,7018,TOWN OF MEENON ,760
BURNETT COUNTY,7020,TOWN OF OAKLAND ,774
BURNETT COUNTY,7022,TOWN OF ROOSEVELT ,144
BURNETT COUNTY,7024,TOWN OF RUSK ,290
BURNETT COUNTY,7026,TOWN OF SAND LAKE ,363
BURNETT COUNTY,7028,TOWN OF SCOTT ,503
BURNETT COUNTY,7030,TOWN OF SIREN ,662
BURNETT COUNTY,7032,TOWN OF SWISS ,545
BURNETT COUNTY,7034,TOWN OF TRADE LAKE ,658
BURNETT COUNTY,7036,TOWN OF UNION ,296
BURNETT COUNTY,7038,TOWN OF WEBB LAKE ,375
BURNETT COUNTY,7040,TOWN OF WEST MARSHLAND ,252
BURNETT COUNTY,7042,TOWN OF WOOD RIVER ,646
BURNETT COUNTY,7131,VILLAGE OF GRANTSBURG ,765
BURNETT COUNTY,7181,VILLAGE OF SIREN ,453
BURNETT COUNTY,7191,VILLAGE OF WEBSTER ,356
CALUMET COUNTY,8002,TOWN OF BRILLION ,1043
CALUMET COUNTY,8004,TOWN OF BROTHERTOWN ,937
CALUMET COUNTY,8006,TOWN OF CHARLESTOWN ,525
CALUMET COUNTY,8008,TOWN OF CHILTON ,765
CALUMET COUNTY,8012,TOWN OF NEW HOLSTEIN ,953
CALUMET COUNTY,8014,TOWN OF RANTOUL ,508
CALUMET COUNTY,8016,TOWN OF STOCKBRIDGE ,1084
CALUMET COUNTY,8018,TOWN OF WOODVILLE ,595
CALUMET COUNTY,8131,VILLAGE OF HARRISON ,8408
CALUMET COUNTY,8136,VILLAGE OF HILBERT ,666
CALUMET COUNTY,8160,VILLAGE OF POTTER ,164
CALUMET COUNTY,8179,VILLAGE OF SHERWOOD ,2399
CALUMET COUNTY,8181,VILLAGE OF STOCKBRIDGE ,496
CALUMET COUNTY,8206,CITY OF BRILLION ,1819
CALUMET COUNTY,8211,CITY OF CHILTON ,2180
CALUMET COUNTY,8261,CITY OF NEW HOLSTEIN ,1928
CHIPPEWA COUNTY,9002,TOWN OF ANSON ,1687
CHIPPEWA COUNTY,9004,TOWN OF ARTHUR ,434
CHIPPEWA COUNTY,9006,TOWN OF AUBURN ,443
CHIPPEWA COUNTY,9008,TOWN OF BIRCH CREEK ,396
CHIPPEWA COUNTY,9010,TOWN OF BLOOMER ,658
CHIPPEWA COUNTY,9012,TOWN OF CLEVELAND ,576
CHIPPEWA COUNTY,9014,TOWN OF COLBURN ,510
CHIPPEWA COUNTY,9016,TOWN OF COOKS VALLEY ,481
CHIPPEWA COUNTY,9018,TOWN OF DELMAR ,549
CHIPPEWA COUNTY,9020,TOWN OF EAGLE POINT ,2291
CHIPPEWA COUNTY,9022,TOWN OF EDSON ,557
CHIPPEWA COUNTY,9024,TOWN OF ESTELLA ,288
CHIPPEWA COUNTY,9026,TOWN OF GOETZ ,500
CHIPPEWA COUNTY,9028,TOWN OF HALLIE ,123
CHIPPEWA COUNTY,9032,TOWN OF HOWARD ,530
CHIPPEWA COUNTY,9034,TOWN OF LAFAYETTE ,4496
CHIPPEWA COUNTY,9035,TOWN OF LAKE HOLCOMBE ,689
CHIPPEWA COUNTY,9036,TOWN OF RUBY ,275
CHIPPEWA COUNTY,9038,TOWN OF SAMPSON ,670
CHIPPEWA COUNTY,9040,TOWN OF SIGEL ,691
CHIPPEWA COUNTY,9042,TOWN OF TILDEN ,1081
CHIPPEWA COUNTY,9044,TOWN OF WHEATON ,1884
CHIPPEWA COUNTY,9046,TOWN OF WOODMOHR ,664
CHIPPEWA COUNTY,9106,VILLAGE OF BOYD ,305
CHIPPEWA COUNTY,9111,VILLAGE OF CADOTT ,782
CHIPPEWA COUNTY,9128,VILLAGE OF LAKE HALLIE ,4361
BARRON COUNTY,9161,VILLAGE OF NEW AUBURN ,13
CHIPPEWA COUNTY,9161,VILLAGE OF NEW AUBURN ,302
CHIPPEWA COUNTY,9206,CITY OF BLOOMER ,2170
CHIPPEWA COUNTY,9211,CITY OF CHIPPEWA FALLS ,7600
CHIPPEWA COUNTY,9213,CITY OF CORNELL ,819
CHIPPEWA COUNTY,9281,CITY OF STANLEY ,1141
CLARK COUNTY,9281,CITY OF STANLEY ,10
CLARK COUNTY,10002,TOWN OF BEAVER ,312
CLARK COUNTY,10004,TOWN OF BUTLER ,73
CLARK COUNTY,10006,TOWN OF COLBY ,310
CLARK COUNTY,10008,TOWN OF DEWHURST ,248
CLARK COUNTY,10010,TOWN OF EATON ,307
CLARK COUNTY,10012,TOWN OF FOSTER ,80
CLARK COUNTY,10014,TOWN OF FREMONT ,595
CLARK COUNTY,10016,TOWN OF GRANT ,476
CLARK COUNTY,10018,TOWN OF GREEN GROVE ,260
CLARK COUNTY,10020,TOWN OF HENDREN ,257
CLARK COUNTY,10022,TOWN OF HEWETT ,226
CLARK COUNTY,10024,TOWN OF HIXON ,265
CLARK COUNTY,10026,TOWN OF HOARD ,339
CLARK COUNTY,10028,TOWN OF LEVIS ,323
CLARK COUNTY,10030,TOWN OF LONGWOOD ,273
CLARK COUNTY,10032,TOWN OF LOYAL ,298
CLARK COUNTY,10034,TOWN OF LYNN ,318
CLARK COUNTY,10036,TOWN OF MAYVILLE ,406
CLARK COUNTY,10038,TOWN OF MEAD ,175
CLARK COUNTY,10040,TOWN OF MENTOR ,311
CLARK COUNTY,10042,TOWN OF PINE VALLEY ,759
CLARK COUNTY,10044,TOWN OF RESEBURG ,217
CLARK COUNTY,10046,TOWN OF SEIF ,138
CLARK COUNTY,10048,TOWN OF SHERMAN ,385
CLARK COUNTY,10050,TOWN OF SHERWOOD ,170
CLARK COUNTY,10052,TOWN OF THORP ,373
CLARK COUNTY,10054,TOWN OF UNITY ,369
CLARK COUNTY,10056,TOWN OF WARNER ,279
CLARK COUNTY,10058,TOWN OF WASHBURN ,183
CLARK COUNTY,10060,TOWN OF WESTON ,370
CLARK COUNTY,10062,TOWN OF WITHEE ,352
CLARK COUNTY,10064,TOWN OF WORDEN ,296
CLARK COUNTY,10066,TOWN OF YORK ,396
CLARK COUNTY,10111,VILLAGE OF CURTISS ,61
CLARK COUNTY,10116,VILLAGE OF DORCHESTER ,339
MARATHON COUNTY,10116,VILLAGE OF DORCHESTER ,1
CLARK COUNTY,10131,VILLAGE OF GRANTON ,200
CLARK COUNTY,10191,VILLAGE OF WITHEE ,262
CLARK COUNTY,10201,CITY OF ABBOTSFORD ,705
MARATHON COUNTY,10201,CITY OF ABBOTSFORD ,165
CLARK COUNTY,10211,CITY OF COLBY ,602
MARATHON COUNTY,10211,CITY OF COLBY ,296
CLARK COUNTY,10231,CITY OF GREENWOOD ,610
CLARK COUNTY,10246,CITY OF LOYAL ,687
CLARK COUNTY,10261,CITY OF NEILLSVILLE ,1210
CLARK COUNTY,10265,CITY OF OWEN ,517
CLARK COUNTY,10286,CITY OF THORP ,881
COLUMBIA COUNTY,11002,TOWN OF ARLINGTON ,575
COLUMBIA COUNTY,11004,TOWN OF CALEDONIA ,1053
COLUMBIA COUNTY,11006,TOWN OF COLUMBUS ,444
COLUMBIA COUNTY,11008,TOWN OF COURTLAND ,322
COLUMBIA COUNTY,11010,TOWN OF DEKORRA ,1857
COLUMBIA COUNTY,11012,TOWN OF FORT WINNEBAGO ,588
COLUMBIA COUNTY,11014,TOWN OF FOUNTAIN PRAIRIE ,617
COLUMBIA COUNTY,11016,TOWN OF HAMPDEN ,415
COLUMBIA COUNTY,11018,TOWN OF LEEDS ,574
COLUMBIA COUNTY,11020,TOWN OF LEWISTON ,788
COLUMBIA COUNTY,11022,TOWN OF LODI ,2503
COLUMBIA COUNTY,11024,TOWN OF LOWVILLE ,750
COLUMBIA COUNTY,11026,TOWN OF MARCELLON ,608
COLUMBIA COUNTY,11028,TOWN OF NEWPORT ,451
COLUMBIA COUNTY,11030,TOWN OF OTSEGO ,472
COLUMBIA COUNTY,11032,TOWN OF PACIFIC ,1984
COLUMBIA COUNTY,11034,TOWN OF RANDOLPH ,490
COLUMBIA COUNTY,11036,TOWN OF SCOTT ,440
COLUMBIA COUNTY,11038,TOWN OF SPRINGVALE ,358
COLUMBIA COUNTY,11040,TOWN OF WEST POINT ,1585
COLUMBIA COUNTY,11042,TOWN OF WYOCENA ,1208
COLUMBIA COUNTY,11101,VILLAGE OF ARLINGTON ,563
COLUMBIA COUNTY,11111,VILLAGE OF CAMBRIA ,396
COLUMBIA COUNTY,11116,VILLAGE OF DOYLESTOWN ,182
COLUMBIA COUNTY,11126,VILLAGE OF FALL RIVER ,1027
COLUMBIA COUNTY,11127,VILLAGE OF FRIESLAND ,198
COLUMBIA COUNTY,11171,VILLAGE OF PARDEEVILLE ,1269
COLUMBIA COUNTY,11172,VILLAGE OF POYNETTE ,1533
COLUMBIA COUNTY,11177,VILLAGE OF RIO ,704
COLUMBIA COUNTY,11191,VILLAGE OF WYOCENA ,396
COLUMBIA COUNTY,11211,CITY OF COLUMBUS ,3317
COLUMBIA COUNTY,11246,CITY OF LODI ,2137
COLUMBIA COUNTY,11271,CITY OF PORTAGE ,4894
ADAMS COUNTY,11291,CITY OF WISCONSIN DELLS ,28
COLUMBIA COUNTY,11291,CITY OF WISCONSIN DELLS ,1441
SAUK COUNTY,11291,CITY OF WISCONSIN DELLS ,156
CRAWFORD COUNTY,12002,TOWN OF BRIDGEPORT ,672
CRAWFORD COUNTY,12004,TOWN OF CLAYTON ,605
CRAWFORD COUNTY,12006,TOWN OF EASTMAN ,487
CRAWFORD COUNTY,12008,TOWN OF FREEMAN ,524
CRAWFORD COUNTY,12010,TOWN OF HANEY ,191
CRAWFORD COUNTY,12012,TOWN OF MARIETTA ,321
CRAWFORD COUNTY,12014,TOWN OF PRAIRIE DU CHIEN ,580
CRAWFORD COUNTY,12016,TOWN OF SCOTT ,287
CRAWFORD COUNTY,12018,TOWN OF SENECA ,599
CRAWFORD COUNTY,12020,TOWN OF UTICA ,418
CRAWFORD COUNTY,12022,TOWN OF WAUZEKA ,261
CRAWFORD COUNTY,12106,VILLAGE OF BELL CENTER ,58
CRAWFORD COUNTY,12121,VILLAGE OF EASTMAN ,227
CRAWFORD COUNTY,12126,VILLAGE OF FERRYVILLE ,157
CRAWFORD COUNTY,12131,VILLAGE OF GAYS MILLS ,314
CRAWFORD COUNTY,12146,VILLAGE OF LYNXVILLE ,93
CRAWFORD COUNTY,12151,VILLAGE OF MT. STERLING ,93
CRAWFORD COUNTY,12181,VILLAGE OF SOLDIERS GROVE ,308
CRAWFORD COUNTY,12182,VILLAGE OF STEUBEN ,69
CRAWFORD COUNTY,12191,VILLAGE OF WAUZEKA ,392
CRAWFORD COUNTY,12271,CITY OF PRAIRIE DU CHIEN ,2764
DANE COUNTY,13002,TOWN OF ALBION ,1374
DANE COUNTY,13004,TOWN OF BERRY ,876
DANE COUNTY,13006,TOWN OF BLACK EARTH ,391
DANE COUNTY,13008,TOWN OF BLOOMING GROVE ,1098
DANE COUNTY,13010,TOWN OF BLUE MOUNDS ,690
DANE COUNTY,13012,TOWN OF BRISTOL ,3120
DANE COUNTY,13014,TOWN OF BURKE ,2189
DANE COUNTY,13016,TOWN OF CHRISTIANA ,850
DANE COUNTY,13018,TOWN OF COTTAGE GROVE ,2782
DANE COUNTY,13020,TOWN OF CROSS PLAINS ,1183
DANE COUNTY,13022,TOWN OF DANE ,626
DANE COUNTY,13024,TOWN OF DEERFIELD ,1127
DANE COUNTY,13026,TOWN OF DUNKIRK ,1375
DANE COUNTY,13028,TOWN OF DUNN ,3774
DANE COUNTY,13034,TOWN OF MAZOMANIE ,785
DANE COUNTY,13036,TOWN OF MEDINA ,929
DANE COUNTY,13038,TOWN OF MIDDLETON ,5085
DANE COUNTY,13040,TOWN OF MONTROSE ,799
DANE COUNTY,13042,TOWN OF OREGON ,2393
DANE COUNTY,13044,TOWN OF PERRY ,540
DANE COUNTY,13046,TOWN OF PLEASANT SPRINGS ,2417
DANE COUNTY,13048,TOWN OF PRIMROSE ,544
DANE COUNTY,13050,TOWN OF ROXBURY ,1331
DANE COUNTY,13052,TOWN OF RUTLAND ,1506
DANE COUNTY,13054,TOWN OF SPRINGDALE ,1558
DANE COUNTY,13056,TOWN OF SPRINGFIELD ,2029
DANE COUNTY,13058,TOWN OF SUN PRAIRIE ,1630
DANE COUNTY,13060,TOWN OF VERMONT ,705
DANE COUNTY,13062,TOWN OF VERONA ,1560
DANE COUNTY,13064,TOWN OF VIENNA ,1099
DANE COUNTY,13066,TOWN OF WESTPORT ,3404
DANE COUNTY,13070,TOWN OF YORK ,489
DANE COUNTY,13106,VILLAGE OF BELLEVILLE ,1487
GREEN COUNTY,13106,VILLAGE OF BELLEVILLE ,375
DANE COUNTY,13107,VILLAGE OF BLACK EARTH ,989
DANE COUNTY,13108,VILLAGE OF BLUE MOUNDS ,640
DANE COUNTY,13109,VILLAGE OF BROOKLYN ,646
GREEN COUNTY,13109,VILLAGE OF BROOKLYN ,276
DANE COUNTY,13111,VILLAGE OF CAMBRIDGE ,1196
JEFFERSON COUNTY,13111,VILLAGE OF CAMBRIDGE ,68
DANE COUNTY,13112,VILLAGE OF COTTAGE GROVE ,5145
DANE COUNTY,13113,VILLAGE OF CROSS PLAINS ,2800
DANE COUNTY,13116,VILLAGE OF DANE ,698
DANE COUNTY,13117,VILLAGE OF DEERFIELD ,1635
DANE COUNTY,13118,VILLAGE OF DEFOREST ,7361
DANE COUNTY,13151,VILLAGE OF MAPLE BLUFF ,1201
DANE COUNTY,13152,VILLAGE OF MARSHALL ,2177
DANE COUNTY,13153,VILLAGE OF MAZOMANIE ,1206
DANE COUNTY,13154,VILLAGE OF MCFARLAND ,6381
DANE COUNTY,13157,VILLAGE OF MOUNT HOREB ,5249
DANE COUNTY,13165,VILLAGE OF OREGON ,7756
DANE COUNTY,13176,VILLAGE OF ROCKDALE ,131
DANE COUNTY,13181,VILLAGE OF SHOREWOOD HILLS ,1758
DANE COUNTY,13191,VILLAGE OF WAUNAKEE ,10304
DANE COUNTY,13196,VILLAGE OF WINDSOR ,5943
DANE COUNTY,13225,CITY OF FITCHBURG ,19044
DANE COUNTY,13251,CITY OF MADISON ,192140
DANE COUNTY,13255,CITY OF MIDDLETON ,15612
DANE COUNTY,13258,CITY OF MONONA ,6270
DANE COUNTY,13281,CITY OF STOUGHTON ,8968
DANE COUNTY,13282,CITY OF SUN PRAIRIE ,22796
DANE COUNTY,13286,CITY OF VERONA ,9641
DODGE COUNTY,14002,TOWN OF ASHIPPUN ,1885
DODGE COUNTY,14004,TOWN OF BEAVER DAM ,2612
DODGE COUNTY,14006,TOWN OF BURNETT ,590
DODGE COUNTY,14008,TOWN OF CALAMUS ,631
DODGE COUNTY,14010,TOWN OF CHESTER ,415
DODGE COUNTY,14012,TOWN OF CLYMAN ,514
DODGE COUNTY,14014,TOWN OF ELBA ,708
DODGE COUNTY,14016,TOWN OF EMMET ,917
DODGE COUNTY,14018,TOWN OF FOX LAKE ,857
DODGE COUNTY,14020,TOWN OF HERMAN ,836
DODGE COUNTY,14022,TOWN OF HUBBARD ,1270
DODGE COUNTY,14024,TOWN OF HUSTISFORD ,989
DODGE COUNTY,14026,TOWN OF LEBANON ,1051
DODGE COUNTY,14028,TOWN OF LEROY ,637
DODGE COUNTY,14030,TOWN OF LOMIRA ,751
DODGE COUNTY,14032,TOWN OF LOWELL ,717
DODGE COUNTY,14034,TOWN OF OAK GROVE ,693
DODGE COUNTY,14036,TOWN OF PORTLAND ,728
DODGE COUNTY,14038,TOWN OF RUBICON ,1574
DODGE COUNTY,14040,TOWN OF SHIELDS ,388
DODGE COUNTY,14042,TOWN OF THERESA ,698
DODGE COUNTY,14044,TOWN OF TRENTON ,825
DODGE COUNTY,14046,TOWN OF WESTFORD ,886
DODGE COUNTY,14106,VILLAGE OF BROWNSVILLE ,431
DODGE COUNTY,14111,VILLAGE OF CLYMAN ,219
DODGE COUNTY,14136,VILLAGE OF HUSTISFORD ,707
DODGE COUNTY,14141,VILLAGE OF IRON RIDGE ,600
DODGE COUNTY,14143,VILLAGE OF KEKOSKEE ,623
DODGE COUNTY,14146,VILLAGE OF LOMIRA ,1488
DODGE COUNTY,14147,VILLAGE OF LOWELL ,187
DODGE COUNTY,14161,VILLAGE OF NEOSHO ,410
COLUMBIA COUNTY,14176,VILLAGE OF RANDOLPH ,262
DODGE COUNTY,14176,VILLAGE OF RANDOLPH ,711
DODGE COUNTY,14177,VILLAGE OF REESEVILLE ,376
DODGE COUNTY,14186,VILLAGE OF THERESA ,842
DODGE COUNTY,14206,CITY OF BEAVER DAM ,8697
DODGE COUNTY,14226,CITY OF FOX LAKE ,868
DODGE COUNTY,14236,CITY OF HORICON ,2196
DODGE COUNTY,14241,CITY OF JUNEAU ,1170
DODGE COUNTY,14251,CITY OF MAYVILLE ,3220
DODGE COUNTY,14292,CITY OF WAUPUN ,2569
FOND DU LAC COUNTY,14292,CITY OF WAUPUN ,2066
DOOR COUNTY,15002,TOWN OF BAILEYS HARBOR ,1005
DOOR COUNTY,15004,TOWN OF BRUSSELS ,731
DOOR COUNTY,15006,TOWN OF CLAY BANKS ,278
DOOR COUNTY,15008,TOWN OF EGG HARBOR ,1188
DOOR COUNTY,15010,TOWN OF FORESTVILLE ,710
DOOR COUNTY,15012,TOWN OF GARDNER ,933
DOOR COUNTY,15014,TOWN OF GIBRALTAR ,1025
DOOR COUNTY,15016,TOWN OF JACKSONPORT ,668
DOOR COUNTY,15018,TOWN OF LIBERTY GROVE ,1739
DOOR COUNTY,15020,TOWN OF NASEWAUPEE ,1447
DOOR COUNTY,15022,TOWN OF SEVASTOPOL ,2257
DOOR COUNTY,15024,TOWN OF STURGEON BAY ,585
DOOR COUNTY,15026,TOWN OF UNION ,747
DOOR COUNTY,15028,TOWN OF WASHINGTON ,691
DOOR COUNTY,15118,VILLAGE OF EGG HARBOR ,294
DOOR COUNTY,15121,VILLAGE OF EPHRAIM ,284
DOOR COUNTY,15127,VILLAGE OF FORESTVILLE ,297
DOOR COUNTY,15181,VILLAGE OF SISTER BAY ,893
DOOR COUNTY,15281,CITY OF STURGEON BAY ,6108
DOUGLAS COUNTY,16002,TOWN OF AMNICON ,784
DOUGLAS COUNTY,16004,TOWN OF BENNETT ,464
DOUGLAS COUNTY,16006,TOWN OF BRULE ,430
DOUGLAS COUNTY,16008,TOWN OF CLOVERLAND ,160
DOUGLAS COUNTY,16010,TOWN OF DAIRYLAND ,144
DOUGLAS COUNTY,16012,TOWN OF GORDON ,556
DOUGLAS COUNTY,16014,TOWN OF HAWTHORNE ,699
DOUGLAS COUNTY,16016,TOWN OF HIGHLAND ,280
DOUGLAS COUNTY,16018,TOWN OF LAKESIDE ,474
DOUGLAS COUNTY,16020,TOWN OF MAPLE ,464
DOUGLAS COUNTY,16022,TOWN OF OAKLAND ,832
DOUGLAS COUNTY,16024,TOWN OF PARKLAND ,779
DOUGLAS COUNTY,16026,TOWN OF SOLON SPRINGS ,753
DOUGLAS COUNTY,16028,TOWN OF SUMMIT ,706
DOUGLAS COUNTY,16030,TOWN OF SUPERIOR ,1545
DOUGLAS COUNTY,16032,TOWN OF WASCOTT ,671
DOUGLAS COUNTY,16146,VILLAGE OF LAKE NEBAGAMON ,836
DOUGLAS COUNTY,16165,VILLAGE OF OLIVER ,294
DOUGLAS COUNTY,16171,VILLAGE OF POPLAR ,409
DOUGLAS COUNTY,16181,VILLAGE OF SOLON SPRINGS ,428
DOUGLAS COUNTY,16182,VILLAGE OF SUPERIOR ,487
DOUGLAS COUNTY,16281,CITY OF SUPERIOR ,15032
DUNN COUNTY,17002,TOWN OF COLFAX ,802
DUNN COUNTY,17004,TOWN OF DUNN ,993
DUNN COUNTY,17006,TOWN OF EAU GALLE ,511
DUNN COUNTY,17008,TOWN OF ELK MOUND ,1150
DUNN COUNTY,17010,TOWN OF GRANT ,287
DUNN COUNTY,17012,TOWN OF HAY RIVER ,370
DUNN COUNTY,17014,TOWN OF LUCAS ,489
DUNN COUNTY,17016,TOWN OF MENOMONIE ,2052
DUNN COUNTY,17018,TOWN OF NEW HAVEN ,420
DUNN COUNTY,17020,TOWN OF OTTER CREEK ,336
DUNN COUNTY,17022,TOWN OF PERU ,153
DUNN COUNTY,17024,TOWN OF RED CEDAR ,1529
DUNN COUNTY,17026,TOWN OF ROCK CREEK ,621
DUNN COUNTY,17028,TOWN OF SAND CREEK ,344
DUNN COUNTY,17030,TOWN OF SHERIDAN ,292
DUNN COUNTY,17032,TOWN OF SHERMAN ,655
DUNN COUNTY,17034,TOWN OF SPRING BROOK ,1110
DUNN COUNTY,17036,TOWN OF STANTON ,555
DUNN COUNTY,17038,TOWN OF TAINTER ,1692
DUNN COUNTY,17040,TOWN OF TIFFANY ,390
DUNN COUNTY,17042,TOWN OF WESTON ,372
DUNN COUNTY,17044,TOWN OF WILSON ,318
DUNN COUNTY,17106,VILLAGE OF BOYCEVILLE ,568
DUNN COUNTY,17111,VILLAGE OF COLFAX ,632
DUNN COUNTY,17116,VILLAGE OF DOWNING ,145
DUNN COUNTY,17121,VILLAGE OF ELK MOUND ,504
DUNN COUNTY,17141,VILLAGE OF KNAPP ,263
DUNN COUNTY,17176,VILLAGE OF RIDGELAND ,133
DUNN COUNTY,17191,VILLAGE OF WHEELER ,145
DUNN COUNTY,17251,CITY OF MENOMONIE ,8502
EAU CLAIRE COUNTY,18002,TOWN OF BRIDGE CREEK ,763
EAU CLAIRE COUNTY,18004,TOWN OF BRUNSWICK ,1362
EAU CLAIRE COUNTY,18006,TOWN OF CLEAR CREEK ,512
EAU CLAIRE COUNTY,18008,TOWN OF DRAMMEN ,537
EAU CLAIRE COUNTY,18010,TOWN OF FAIRCHILD ,174
EAU CLAIRE COUNTY,18012,TOWN OF LINCOLN ,738
EAU CLAIRE COUNTY,18014,TOWN OF LUDINGTON ,709
EAU CLAIRE COUNTY,18016,TOWN OF OTTER CREEK ,273
EAU CLAIRE COUNTY,18018,TOWN OF PLEASANT VALLEY ,2786
EAU CLAIRE COUNTY,18020,TOWN OF SEYMOUR ,2374
EAU CLAIRE COUNTY,18022,TOWN OF UNION ,1789
EAU CLAIRE COUNTY,18024,TOWN OF WASHINGTON ,5139
EAU CLAIRE COUNTY,18026,TOWN OF WILSON ,237
EAU CLAIRE COUNTY,18126,VILLAGE OF FAIRCHILD ,248
EAU CLAIRE COUNTY,18127,VILLAGE OF FALL CREEK ,922
EAU CLAIRE COUNTY,18201,CITY OF ALTOONA ,5258
EAU CLAIRE COUNTY,18202,CITY OF AUGUSTA ,787
CHIPPEWA COUNTY,18221,CITY OF EAU CLAIRE ,1254
EAU CLAIRE COUNTY,18221,CITY OF EAU CLAIRE ,40245
FLORENCE COUNTY,19002,TOWN OF AURORA ,637
FLORENCE COUNTY,19004,TOWN OF COMMONWEALTH ,269
FLORENCE COUNTY,19006,TOWN OF FENCE ,141
FLORENCE COUNTY,19008,TOWN OF FERN ,150
FLORENCE COUNTY,19010,TOWN OF FLORENCE ,1464
FLORENCE COUNTY,19012,TOWN OF HOMESTEAD ,271
FLORENCE COUNTY,19014,TOWN OF LONG LAKE ,152
FLORENCE COUNTY,19016,TOWN OF TIPLER ,122
FOND DU LAC COUNTY,20002,TOWN OF ALTO ,702
FOND DU LAC COUNTY,20004,TOWN OF ASHFORD ,1234
FOND DU LAC COUNTY,20006,TOWN OF AUBURN ,1776
FOND DU LAC COUNTY,20008,TOWN OF BYRON ,1169
FOND DU LAC COUNTY,20010,TOWN OF CALUMET ,985
FOND DU LAC COUNTY,20012,TOWN OF EDEN ,738
FOND DU LAC COUNTY,20014,TOWN OF ELDORADO ,970
FOND DU LAC COUNTY,20016,TOWN OF EMPIRE ,2047
FOND DU LAC COUNTY,20018,TOWN OF FOND DU LAC ,2548
FOND DU LAC COUNTY,20020,TOWN OF FOREST ,716
FOND DU LAC COUNTY,20022,TOWN OF FRIENDSHIP ,1601
FOND DU LAC COUNTY,20024,TOWN OF LAMARTINE ,1215
FOND DU LAC COUNTY,20026,TOWN OF MARSHFIELD ,757
FOND DU LAC COUNTY,20028,TOWN OF METOMEN ,479
FOND DU LAC COUNTY,20030,TOWN OF OAKFIELD ,479
FOND DU LAC COUNTY,20032,TOWN OF OSCEOLA ,1300
FOND DU LAC COUNTY,20034,TOWN OF RIPON ,915
FOND DU LAC COUNTY,20036,TOWN OF ROSENDALE ,468
FOND DU LAC COUNTY,20038,TOWN OF SPRINGVALE ,481
FOND DU LAC COUNTY,20040,TOWN OF TAYCHEEDAH ,3342
FOND DU LAC COUNTY,20042,TOWN OF WAUPUN ,971
FOND DU LAC COUNTY,20106,VILLAGE OF BRANDON ,548
FOND DU LAC COUNTY,20111,VILLAGE OF CAMPBELLSPORT ,1133
FOND DU LAC COUNTY,20121,VILLAGE OF EDEN ,498
FOND DU LAC COUNTY,20126,VILLAGE OF FAIRWATER ,207
FOND DU LAC COUNTY,20151,VILLAGE OF MOUNT CALVARY ,343
FOND DU LAC COUNTY,20161,VILLAGE OF NORTH FOND DU LAC ,2757
FOND DU LAC COUNTY,20165,VILLAGE OF OAKFIELD ,703
FOND DU LAC COUNTY,20176,VILLAGE OF ROSENDALE ,656
FOND DU LAC COUNTY,20181,VILLAGE OF ST. CLOUD ,332
FOND DU LAC COUNTY,20226,CITY OF FOND DU LAC ,21793
FOND DU LAC COUNTY,20276,CITY OF RIPON ,4351
FOREST COUNTY,21002,TOWN OF ALVIN ,139
FOREST COUNTY,21004,TOWN OF ARGONNE ,359
FOREST COUNTY,21006,TOWN OF ARMSTRONG CREEK ,318
FOREST COUNTY,21008,TOWN OF BLACKWELL ,84
FOREST COUNTY,21010,TOWN OF CASWELL ,58
FOREST COUNTY,21012,TOWN OF CRANDON ,421
FOREST COUNTY,21014,TOWN OF FREEDOM ,283
FOREST COUNTY,21016,TOWN OF HILES ,289
FOREST COUNTY,21018,TOWN OF LAONA ,789
FOREST COUNTY,21020,TOWN OF LINCOLN ,661
FOREST COUNTY,21022,TOWN OF NASHVILLE ,806
FOREST COUNTY,21024,TOWN OF POPPLE RIVER ,28
FOREST COUNTY,21026,TOWN OF ROSS ,108
FOREST COUNTY,21028,TOWN OF WABENO ,574
FOREST COUNTY,21211,CITY OF CRANDON ,984
GRANT COUNTY,22002,TOWN OF BEETOWN ,384
GRANT COUNTY,22004,TOWN OF BLOOMINGTON ,234
GRANT COUNTY,22006,TOWN OF BOSCOBEL ,224
GRANT COUNTY,22008,TOWN OF CASSVILLE ,241
GRANT COUNTY,22010,TOWN OF CASTLE ROCK ,155
GRANT COUNTY,22012,TOWN OF CLIFTON ,143
GRANT COUNTY,22014,TOWN OF ELLENBORO ,349
GRANT COUNTY,22016,TOWN OF FENNIMORE ,273
GRANT COUNTY,22018,TOWN OF GLEN HAVEN ,261
GRANT COUNTY,22020,TOWN OF HARRISON ,322
GRANT COUNTY,22022,TOWN OF HAZEL GREEN ,676
GRANT COUNTY,22024,TOWN OF HICKORY GROVE ,188
GRANT COUNTY,22026,TOWN OF JAMESTOWN ,1447
GRANT COUNTY,22028,TOWN OF LIBERTY ,285
GRANT COUNTY,22030,TOWN OF LIMA ,407
GRANT COUNTY,22032,TOWN OF LITTLE GRANT ,171
GRANT COUNTY,22034,TOWN OF MARION ,301
GRANT COUNTY,22036,TOWN OF MILLVILLE ,98
GRANT COUNTY,22038,TOWN OF MOUNT HOPE ,114
GRANT COUNTY,22040,TOWN OF MOUNT IDA ,313
GRANT COUNTY,22042,TOWN OF MUSCODA ,400
GRANT COUNTY,22044,TOWN OF NORTH LANCASTER ,334
GRANT COUNTY,22046,TOWN OF PARIS ,472
GRANT COUNTY,22048,TOWN OF PATCH GROVE ,185
GRANT COUNTY,22050,TOWN OF PLATTEVILLE ,943
GRANT COUNTY,22052,TOWN OF POTOSI ,519
GRANT COUNTY,22054,TOWN OF SMELSER ,519
GRANT COUNTY,22056,TOWN OF SOUTH LANCASTER ,420
GRANT COUNTY,22058,TOWN OF WATERLOO ,360
GRANT COUNTY,22060,TOWN OF WATTERSTOWN ,215
GRANT COUNTY,22062,TOWN OF WINGVILLE ,203
GRANT COUNTY,22064,TOWN OF WOODMAN ,98
GRANT COUNTY,22066,TOWN OF WYALUSING ,208
GRANT COUNTY,22106,VILLAGE OF BAGLEY ,223
GRANT COUNTY,22107,VILLAGE OF BLOOMINGTON ,382
GRANT COUNTY,22108,VILLAGE OF BLUE RIVER ,241
GRANT COUNTY,22111,VILLAGE OF CASSVILLE ,494
GRANT COUNTY,22116,VILLAGE OF DICKEYVILLE ,647
GRANT COUNTY,22136,VILLAGE OF HAZEL GREEN ,627
LAFAYETTE COUNTY,22136,VILLAGE OF HAZEL GREEN ,13
GRANT COUNTY,22147,VILLAGE OF LIVINGSTON ,372
IOWA COUNTY,22147,VILLAGE OF LIVINGSTON ,3
GRANT COUNTY,22151,VILLAGE OF MONTFORT ,298
IOWA COUNTY,22151,VILLAGE OF MONTFORT ,58
GRANT COUNTY,22152,VILLAGE OF MOUNT HOPE ,110
GRANT COUNTY,22153,VILLAGE OF MUSCODA ,622
IOWA COUNTY,22153,VILLAGE OF MUSCODA ,18
GRANT COUNTY,22171,VILLAGE OF PATCH GROVE ,89
GRANT COUNTY,22172,VILLAGE OF POTOSI ,413
GRANT COUNTY,22186,VILLAGE OF TENNYSON ,218
GRANT COUNTY,22191,VILLAGE OF WOODMAN ,57
GRANT COUNTY,22206,CITY OF BOSCOBEL ,1553
GRANT COUNTY,22211,CITY OF CUBA CITY ,1022
LAFAYETTE COUNTY,22211,CITY OF CUBA CITY ,157
GRANT COUNTY,22226,CITY OF FENNIMORE ,1385
GRANT COUNTY,22246,CITY OF LANCASTER ,2138
GRANT COUNTY,22271,CITY OF PLATTEVILLE ,5422
GREEN COUNTY,23002,TOWN OF ADAMS ,375
GREEN COUNTY,23004,TOWN OF ALBANY ,765
GREEN COUNTY,23006,TOWN OF BROOKLYN ,839
GREEN COUNTY,23008,TOWN OF CADIZ ,497
GREEN COUNTY,23010,TOWN OF CLARNO ,721
GREEN COUNTY,23012,TOWN OF DECATUR ,1144
GREEN COUNTY,23014,TOWN OF EXETER ,1470
GREEN COUNTY,23016,TOWN OF JEFFERSON ,754
GREEN COUNTY,23018,TOWN OF JORDAN ,369
GREEN COUNTY,23020,TOWN OF MONROE ,775
GREEN COUNTY,23022,TOWN OF MOUNT PLEASANT ,438
GREEN COUNTY,23024,TOWN OF NEW GLARUS ,1007
GREEN COUNTY,23026,TOWN OF SPRING GROVE ,568
GREEN COUNTY,23028,TOWN OF SYLVESTER ,706
GREEN COUNTY,23030,TOWN OF WASHINGTON ,556
GREEN COUNTY,23032,TOWN OF YORK ,723
GREEN COUNTY,23101,VILLAGE OF ALBANY ,562
GREEN COUNTY,23110,VILLAGE OF BROWNTOWN ,141
GREEN COUNTY,23151,VILLAGE OF MONTICELLO ,702
GREEN COUNTY,23161,VILLAGE OF NEW GLARUS ,1449
GREEN COUNTY,23206,CITY OF BRODHEAD ,1632
ROCK COUNTY,23206,CITY OF BRODHEAD ,47
GREEN COUNTY,23251,CITY OF MONROE ,5648
GREEN LAKE COUNTY,24002,TOWN OF BERLIN ,795
GREEN LAKE COUNTY,24004,TOWN OF BROOKLYN ,1388
GREEN LAKE COUNTY,24006,TOWN OF GREEN LAKE ,880
GREEN LAKE COUNTY,24008,TOWN OF KINGSTON ,339
GREEN LAKE COUNTY,24010,TOWN OF MACKFORD ,345
GREEN LAKE COUNTY,24012,TOWN OF MANCHESTER ,444
GREEN LAKE COUNTY,24014,TOWN OF MARQUETTE ,360
GREEN LAKE COUNTY,24016,TOWN OF PRINCETON ,1131
GREEN LAKE COUNTY,24018,TOWN OF ST. MARIE ,261
GREEN LAKE COUNTY,24020,TOWN OF SENECA ,266
GREEN LAKE COUNTY,24141,VILLAGE OF KINGSTON ,221
GREEN LAKE COUNTY,24154,VILLAGE OF MARQUETTE ,128
GREEN LAKE COUNTY,24206,CITY OF BERLIN ,2786
WAUSHARA COUNTY,24206,CITY OF BERLIN ,65
GREEN LAKE COUNTY,24231,CITY OF GREEN LAKE ,693
GREEN LAKE COUNTY,24251,CITY OF MARKESAN ,818
GREEN LAKE COUNTY,24271,CITY OF PRINCETON ,749
IOWA COUNTY,25002,TOWN OF ARENA ,1010
IOWA COUNTY,25004,TOWN OF BRIGHAM ,800
IOWA COUNTY,25006,TOWN OF CLYDE ,233
IOWA COUNTY,25008,TOWN OF DODGEVILLE ,1121
IOWA COUNTY,25010,TOWN OF EDEN ,240
IOWA COUNTY,25012,TOWN OF HIGHLAND ,460
IOWA COUNTY,25014,TOWN OF LINDEN ,469
IOWA COUNTY,25016,TOWN OF MIFFLIN ,317
IOWA COUNTY,25018,TOWN OF MINERAL POINT ,655
IOWA COUNTY,25020,TOWN OF MOSCOW ,427
IOWA COUNTY,25022,TOWN OF PULASKI ,212
IOWA COUNTY,25024,TOWN OF RIDGEWAY ,427
IOWA COUNTY,25026,TOWN OF WALDWICK ,316
IOWA COUNTY,25028,TOWN OF WYOMING ,283
IOWA COUNTY,25101,VILLAGE OF ARENA ,537
IOWA COUNTY,25102,VILLAGE OF AVOCA ,288
IOWA COUNTY,25106,VILLAGE OF BARNEVELD ,837
IOWA COUNTY,25111,VILLAGE OF COBB ,292
IOWA COUNTY,25136,VILLAGE OF HIGHLAND ,514
IOWA COUNTY,25137,VILLAGE OF HOLLANDALE ,179
IOWA COUNTY,25146,VILLAGE OF LINDEN ,250
IOWA COUNTY,25176,VILLAGE OF REWEY ,141
IOWA COUNTY,25177,VILLAGE OF RIDGEWAY ,426
IOWA COUNTY,25216,CITY OF DODGEVILLE ,2915
IOWA COUNTY,25251,CITY OF MINERAL POINT ,1697
IRON COUNTY,26002,TOWN OF ANDERSON ,47
IRON COUNTY,26004,TOWN OF CAREY ,109
IRON COUNTY,26006,TOWN OF GURNEY ,106
IRON COUNTY,26008,TOWN OF KIMBALL ,365
IRON COUNTY,26010,TOWN OF KNIGHT ,145
IRON COUNTY,26012,TOWN OF MERCER ,1284
IRON COUNTY,26014,TOWN OF OMA ,277
IRON COUNTY,26016,TOWN OF PENCE ,131
IRON COUNTY,26018,TOWN OF SAXON ,248
IRON COUNTY,26020,TOWN OF SHERMAN ,241
IRON COUNTY,26236,CITY OF HURLEY ,906
IRON COUNTY,26251,CITY OF MONTREAL ,525
JACKSON COUNTY,27002,TOWN OF ADAMS ,930
JACKSON COUNTY,27004,TOWN OF ALBION ,745
JACKSON COUNTY,27006,TOWN OF ALMA ,579
JACKSON COUNTY,27008,TOWN OF BEAR BLUFF ,94
JACKSON COUNTY,27010,TOWN OF BROCKWAY ,1031
JACKSON COUNTY,27012,TOWN OF CITY POINT ,128
JACKSON COUNTY,27014,TOWN OF CLEVELAND ,321
JACKSON COUNTY,27016,TOWN OF CURRAN ,182
JACKSON COUNTY,27018,TOWN OF FRANKLIN ,192
JACKSON COUNTY,27020,TOWN OF GARDEN VALLEY ,257
JACKSON COUNTY,27022,TOWN OF GARFIELD ,440
JACKSON COUNTY,27024,TOWN OF HIXTON ,371
JACKSON COUNTY,27026,TOWN OF IRVING ,441
JACKSON COUNTY,27028,TOWN OF KNAPP ,224
JACKSON COUNTY,27030,TOWN OF KOMENSKY ,207
JACKSON COUNTY,27032,TOWN OF MANCHESTER ,526
JACKSON COUNTY,27034,TOWN OF MELROSE ,252
JACKSON COUNTY,27036,TOWN OF MILLSTON ,121
JACKSON COUNTY,27038,TOWN OF NORTH BEND ,308
JACKSON COUNTY,27040,TOWN OF NORTHFIELD ,403
JACKSON COUNTY,27042,TOWN OF SPRINGFIELD ,276
JACKSON COUNTY,27101,VILLAGE OF ALMA CENTER ,273
JACKSON COUNTY,27136,VILLAGE OF HIXTON ,267
JACKSON COUNTY,27151,VILLAGE OF MELROSE ,327
JACKSON COUNTY,27152,VILLAGE OF MERRILLAN ,258
JACKSON COUNTY,27186,VILLAGE OF TAYLOR ,204
JACKSON COUNTY,27206,CITY OF BLACK RIVER FALLS ,1898
JEFFERSON COUNTY,28002,TOWN OF AZTALAN ,941
JEFFERSON COUNTY,28004,TOWN OF COLD SPRING ,489
JEFFERSON COUNTY,28006,TOWN OF CONCORD ,1430
JEFFERSON COUNTY,28008,TOWN OF FARMINGTON ,1055
JEFFERSON COUNTY,28010,TOWN OF HEBRON ,737
JEFFERSON COUNTY,28012,TOWN OF IXONIA ,3282
JEFFERSON COUNTY,28014,TOWN OF JEFFERSON ,1375
JEFFERSON COUNTY,28016,TOWN OF KOSHKONONG ,2550
JEFFERSON COUNTY,28018,TOWN OF LAKE MILLS ,1643
JEFFERSON COUNTY,28020,TOWN OF MILFORD ,785
JEFFERSON COUNTY,28022,TOWN OF OAKLAND ,2363
JEFFERSON COUNTY,28024,TOWN OF PALMYRA ,893
JEFFERSON COUNTY,28026,TOWN OF SULLIVAN ,1651
JEFFERSON COUNTY,28028,TOWN OF SUMNER ,604
JEFFERSON COUNTY,28030,TOWN OF WATERLOO ,638
JEFFERSON COUNTY,28032,TOWN OF WATERTOWN ,1410
JEFFERSON COUNTY,28141,VILLAGE OF JOHNSON CREEK ,1940
JEFFERSON COUNTY,28171,VILLAGE OF PALMYRA ,1109
JEFFERSON COUNTY,28181,VILLAGE OF SULLIVAN ,435
JEFFERSON COUNTY,28226,CITY OF FORT ATKINSON ,7036
JEFFERSON COUNTY,28241,CITY OF JEFFERSON ,4269
JEFFERSON COUNTY,28246,CITY OF LAKE MILLS ,4156
JEFFERSON COUNTY,28290,CITY OF WATERLOO ,2064
DODGE COUNTY,28291,CITY OF WATERTOWN ,5030
JEFFERSON COUNTY,28291,CITY OF WATERTOWN ,7660
JUNEAU COUNTY,29002,TOWN OF ARMENIA ,489
JUNEAU COUNTY,29004,TOWN OF CLEARFIELD ,491
JUNEAU COUNTY,29006,TOWN OF CUTLER ,232
JUNEAU COUNTY,29008,TOWN OF FINLEY ,62
JUNEAU COUNTY,29010,TOWN OF FOUNTAIN ,397
JUNEAU COUNTY,29012,TOWN OF GERMANTOWN ,1192
JUNEAU COUNTY,29014,TOWN OF KILDARE ,415
JUNEAU COUNTY,29016,TOWN OF KINGSTON ,21
JUNEAU COUNTY,29018,TOWN OF LEMONWEIR ,973
JUNEAU COUNTY,29020,TOWN OF LINDINA ,476
JUNEAU COUNTY,29022,TOWN OF LISBON ,559
JUNEAU COUNTY,29024,TOWN OF LYNDON ,859
JUNEAU COUNTY,29026,TOWN OF MARION ,255
JUNEAU COUNTY,29028,TOWN OF NECEDAH ,1508
JUNEAU COUNTY,29030,TOWN OF ORANGE ,319
JUNEAU COUNTY,29032,TOWN OF PLYMOUTH ,411
JUNEAU COUNTY,29034,TOWN OF SEVEN MILE CREEK ,226
JUNEAU COUNTY,29036,TOWN OF SUMMIT ,417
JUNEAU COUNTY,29038,TOWN OF WONEWOC ,406
JUNEAU COUNTY,29111,VILLAGE OF CAMP DOUGLAS ,342
JUNEAU COUNTY,29136,VILLAGE OF HUSTLER ,112
JUNEAU COUNTY,29146,VILLAGE OF LYNDON STATION ,253
JUNEAU COUNTY,29161,VILLAGE OF NECEDAH ,502
JUNEAU COUNTY,29186,VILLAGE OF UNION CENTER ,127
JUNEAU COUNTY,29191,VILLAGE OF WONEWOC ,363
JUNEAU COUNTY,29221,CITY OF ELROY ,688
JUNEAU COUNTY,29251,CITY OF MAUSTON ,2002
JUNEAU COUNTY,29261,CITY OF NEW LISBON ,725
KENOSHA COUNTY,30002,TOWN OF BRIGHTON ,1092
KENOSHA COUNTY,30006,TOWN OF PARIS ,1084
KENOSHA COUNTY,30010,TOWN OF RANDALL ,2265
KENOSHA COUNTY,30014,TOWN OF SOMERS ,623
KENOSHA COUNTY,30016,TOWN OF WHEATLAND ,2296
KENOSHA COUNTY,30104,VILLAGE OF BRISTOL ,3558
KENOSHA COUNTY,30171,VILLAGE OF PADDOCK LAKE ,1893
KENOSHA COUNTY,30174,VILLAGE OF PLEASANT PRAIRIE ,14047
KENOSHA COUNTY,30179,Village of SALEM LAKES ,9120
KENOSHA COUNTY,30182,VILLAGE OF SOMERS ,5574
KENOSHA COUNTY,30186,VILLAGE OF TWIN LAKES ,3817
KENOSHA COUNTY,30241,CITY OF KENOSHA ,51423
KEWAUNEE COUNTY,31002,TOWN OF AHNAPEE ,550
KEWAUNEE COUNTY,31004,TOWN OF CARLTON ,674
KEWAUNEE COUNTY,31006,TOWN OF CASCO ,763
KEWAUNEE COUNTY,31008,TOWN OF FRANKLIN ,642
KEWAUNEE COUNTY,31010,TOWN OF LINCOLN ,565
KEWAUNEE COUNTY,31012,TOWN OF LUXEMBURG ,1020
KEWAUNEE COUNTY,31014,TOWN OF MONTPELIER ,935
KEWAUNEE COUNTY,31016,TOWN OF PIERCE ,501
KEWAUNEE COUNTY,31018,TOWN OF RED RIVER ,975
KEWAUNEE COUNTY,31020,TOWN OF WEST KEWAUNEE ,865
KEWAUNEE COUNTY,31111,VILLAGE OF CASCO ,365
KEWAUNEE COUNTY,31146,VILLAGE OF LUXEMBURG ,1515
KEWAUNEE COUNTY,31201,CITY OF ALGOMA ,1840
KEWAUNEE COUNTY,31241,CITY OF KEWAUNEE ,1647
LA CROSSE COUNTY,32002,TOWN OF BANGOR ,378
LA CROSSE COUNTY,32004,TOWN OF BARRE ,872
LA CROSSE COUNTY,32006,TOWN OF BURNS ,650
LA CROSSE COUNTY,32008,TOWN OF CAMPBELL ,2836
LA CROSSE COUNTY,32010,TOWN OF FARMINGTON ,1347
LA CROSSE COUNTY,32012,TOWN OF GREENFIELD ,1467
LA CROSSE COUNTY,32014,TOWN OF HAMILTON ,1644
LA CROSSE COUNTY,32016,TOWN OF HOLLAND ,2974
LA CROSSE COUNTY,32018,TOWN OF MEDARY ,1194
LA CROSSE COUNTY,32020,TOWN OF ONALASKA ,4010
LA CROSSE COUNTY,32022,TOWN OF SHELBY ,3408
LA CROSSE COUNTY,32024,TOWN OF WASHINGTON ,341
LA CROSSE COUNTY,32106,VILLAGE OF BANGOR ,920
LA CROSSE COUNTY,32136,VILLAGE OF HOLMEN ,6838
LA CROSSE COUNTY,32176,VILLAGE OF ROCKLAND ,438
LA CROSSE COUNTY,32191,VILLAGE OF WEST SALEM ,3156
LA CROSSE COUNTY,32246,CITY OF LA CROSSE ,28737
LA CROSSE COUNTY,32265,CITY OF ONALASKA ,11457
LAFAYETTE COUNTY,33002,TOWN OF ARGYLE ,292
LAFAYETTE COUNTY,33004,TOWN OF BELMONT ,369
LAFAYETTE COUNTY,33006,TOWN OF BENTON ,327
LAFAYETTE COUNTY,33008,TOWN OF BLANCHARD ,198
LAFAYETTE COUNTY,33010,TOWN OF DARLINGTON ,565
LAFAYETTE COUNTY,33012,TOWN OF ELK GROVE ,245
LAFAYETTE COUNTY,33014,TOWN OF FAYETTE ,226
LAFAYETTE COUNTY,33016,TOWN OF GRATIOT ,330
LAFAYETTE COUNTY,33018,TOWN OF KENDALL ,208
LAFAYETTE COUNTY,33020,TOWN OF LAMONT ,175
LAFAYETTE COUNTY,33022,TOWN OF MONTICELLO ,78
LAFAYETTE COUNTY,33024,TOWN OF NEW DIGGINGS ,308
LAFAYETTE COUNTY,33026,TOWN OF SEYMOUR ,198
LAFAYETTE COUNTY,33028,TOWN OF SHULLSBURG ,188
LAFAYETTE COUNTY,33030,TOWN OF WAYNE ,281
LAFAYETTE COUNTY,33032,TOWN OF WHITE OAK SPRINGS ,76
LAFAYETTE COUNTY,33034,TOWN OF WILLOW SPRINGS ,460
LAFAYETTE COUNTY,33036,TOWN OF WIOTA ,501
LAFAYETTE COUNTY,33101,VILLAGE OF ARGYLE ,436
LAFAYETTE COUNTY,33106,VILLAGE OF BELMONT ,509
LAFAYETTE COUNTY,33107,VILLAGE OF BENTON ,558
IOWA COUNTY,33108,VILLAGE OF BLANCHARDVILLE ,134
LAFAYETTE COUNTY,33108,VILLAGE OF BLANCHARDVILLE ,369
LAFAYETTE COUNTY,33131,VILLAGE OF GRATIOT ,140
LAFAYETTE COUNTY,33181,VILLAGE OF SOUTH WAYNE ,229
LAFAYETTE COUNTY,33216,CITY OF DARLINGTON ,1040
LAFAYETTE COUNTY,33281,CITY OF SHULLSBURG ,672
LANGLADE COUNTY,34002,TOWN OF ACKLEY ,344
LANGLADE COUNTY,34004,TOWN OF AINSWORTH ,380
LANGLADE COUNTY,34006,TOWN OF ANTIGO ,927
LANGLADE COUNTY,34008,TOWN OF ELCHO ,932
LANGLADE COUNTY,34010,TOWN OF EVERGREEN ,350
LANGLADE COUNTY,34012,TOWN OF LANGLADE ,329
LANGLADE COUNTY,34014,TOWN OF NEVA ,580
LANGLADE COUNTY,34016,TOWN OF NORWOOD ,618
LANGLADE COUNTY,34018,TOWN OF PARRISH ,78
LANGLADE COUNTY,34020,TOWN OF PECK ,242
LANGLADE COUNTY,34022,TOWN OF POLAR ,705
LANGLADE COUNTY,34024,TOWN OF PRICE ,131
LANGLADE COUNTY,34026,TOWN OF ROLLING ,934
LANGLADE COUNTY,34028,TOWN OF SUMMIT ,101
LANGLADE COUNTY,34030,TOWN OF UPHAM ,591
LANGLADE COUNTY,34032,TOWN OF VILAS ,146
LANGLADE COUNTY,34034,TOWN OF WOLF RIVER ,579
LANGLADE COUNTY,34191,VILLAGE OF WHITE LAKE ,182
LANGLADE COUNTY,34201,CITY OF ANTIGO ,3984
LINCOLN COUNTY,35002,TOWN OF BIRCH ,292
LINCOLN COUNTY,35004,TOWN OF BRADLEY ,1732
LINCOLN COUNTY,35006,TOWN OF CORNING ,546
LINCOLN COUNTY,35008,TOWN OF HARDING ,273
LINCOLN COUNTY,35010,TOWN OF HARRISON ,656
LINCOLN COUNTY,35012,TOWN OF KING ,741
LINCOLN COUNTY,35014,TOWN OF MERRILL ,1923
LINCOLN COUNTY,35016,TOWN OF PINE RIVER ,1286
LINCOLN COUNTY,35018,TOWN OF ROCK FALLS ,464
LINCOLN COUNTY,35020,TOWN OF RUSSELL ,392
LINCOLN COUNTY,35022,TOWN OF SCHLEY ,565
LINCOLN COUNTY,35024,TOWN OF SCOTT ,957
LINCOLN COUNTY,35026,TOWN OF SKANAWAN ,299
LINCOLN COUNTY,35028,TOWN OF SOMO ,98
LINCOLN COUNTY,35030,TOWN OF TOMAHAWK ,343
LINCOLN COUNTY,35032,TOWN OF WILSON ,269
LINCOLN COUNTY,35251,CITY OF MERRILL ,4815
LINCOLN COUNTY,35286,CITY OF TOMAHAWK ,1980
MANITOWOC COUNTY,36002,TOWN OF CATO ,1097
MANITOWOC COUNTY,36004,TOWN OF CENTERVILLE ,448
MANITOWOC COUNTY,36006,TOWN OF COOPERSTOWN ,850
MANITOWOC COUNTY,36008,TOWN OF EATON ,584
MANITOWOC COUNTY,36010,TOWN OF FRANKLIN ,813
MANITOWOC COUNTY,36012,TOWN OF GIBSON ,879
MANITOWOC COUNTY,36014,TOWN OF KOSSUTH ,1337
MANITOWOC COUNTY,36016,TOWN OF LIBERTY ,892
MANITOWOC COUNTY,36018,TOWN OF MANITOWOC ,712
MANITOWOC COUNTY,36020,TOWN OF MANITOWOC RAPIDS ,1632
MANITOWOC COUNTY,36022,TOWN OF MAPLE GROVE ,507
MANITOWOC COUNTY,36024,TOWN OF MEEME ,1013
MANITOWOC COUNTY,36026,TOWN OF MISHICOT ,843
MANITOWOC COUNTY,36028,TOWN OF NEWTON ,1537
MANITOWOC COUNTY,36030,TOWN OF ROCKLAND ,644
MANITOWOC COUNTY,36032,TOWN OF SCHLESWIG ,1386
MANITOWOC COUNTY,36034,TOWN OF TWO CREEKS ,278
MANITOWOC COUNTY,36036,TOWN OF TWO RIVERS ,1161
MANITOWOC COUNTY,36112,VILLAGE OF CLEVELAND ,894
MANITOWOC COUNTY,36126,VILLAGE OF FRANCIS CREEK ,429
MANITOWOC COUNTY,36132,VILLAGE OF KELLNERSVILLE ,191
MANITOWOC COUNTY,36147,VILLAGE OF MARIBEL ,191
MANITOWOC COUNTY,36151,VILLAGE OF MISHICOT ,876
MANITOWOC COUNTY,36176,VILLAGE OF REEDSVILLE ,641
MANITOWOC COUNTY,36181,VILLAGE OF ST. NAZIANZ ,415
MANITOWOC COUNTY,36186,VILLAGE OF VALDERS ,539
MANITOWOC COUNTY,36191,VILLAGE OF WHITELAW ,487
CALUMET COUNTY,36241,CITY OF KIEL ,214
MANITOWOC COUNTY,36241,CITY OF KIEL ,2223
MANITOWOC COUNTY,36251,CITY OF MANITOWOC ,18663
MANITOWOC COUNTY,36286,CITY OF TWO RIVERS ,6259
MARATHON COUNTY,37002,TOWN OF BERGEN ,543
MARATHON COUNTY,37004,TOWN OF BERLIN ,658
MARATHON COUNTY,37006,TOWN OF BERN ,274
MARATHON COUNTY,37008,TOWN OF BEVENT ,740
MARATHON COUNTY,37010,TOWN OF BRIGHTON ,298
MARATHON COUNTY,37012,TOWN OF CASSEL ,621
MARATHON COUNTY,37014,TOWN OF CLEVELAND ,971
MARATHON COUNTY,37016,TOWN OF DAY ,691
MARATHON COUNTY,37018,TOWN OF EASTON ,839
MARATHON COUNTY,37020,TOWN OF EAU PLEINE ,464
MARATHON COUNTY,37022,TOWN OF ELDERON ,395
MARATHON COUNTY,37024,TOWN OF EMMET ,611
MARATHON COUNTY,37026,TOWN OF FRANKFORT ,361
MARATHON COUNTY,37028,TOWN OF FRANZEN ,365
MARATHON COUNTY,37030,TOWN OF GREEN VALLEY ,375
MARATHON COUNTY,37032,TOWN OF GUENTHER ,255
MARATHON COUNTY,37034,TOWN OF HALSEY ,325
MARATHON COUNTY,37036,TOWN OF HAMBURG ,519
MARATHON COUNTY,37038,TOWN OF HARRISON ,216
MARATHON COUNTY,37040,TOWN OF HEWITT ,431
MARATHON COUNTY,37042,TOWN OF HOLTON ,454
MARATHON COUNTY,37044,TOWN OF HULL ,366
MARATHON COUNTY,37046,TOWN OF JOHNSON ,411
MARATHON COUNTY,37048,TOWN OF KNOWLTON ,1417
MARATHON COUNTY,37054,TOWN OF MARATHON ,703
MARATHON COUNTY,37056,TOWN OF MCMILLAN ,1402
MARATHON COUNTY,37058,TOWN OF MOSINEE ,1521
MARATHON COUNTY,37060,TOWN OF NORRIE ,673
MARATHON COUNTY,37062,TOWN OF PLOVER ,437
MARATHON COUNTY,37064,TOWN OF REID ,811
MARATHON COUNTY,37066,TOWN OF RIB FALLS ,643
MARATHON COUNTY,37068,TOWN OF RIB MOUNTAIN ,5111
MARATHON COUNTY,37070,TOWN OF RIETBROCK ,551
MARATHON COUNTY,37072,TOWN OF RINGLE ,1206
MARATHON COUNTY,37074,TOWN OF SPENCER ,986
MARATHON COUNTY,37076,TOWN OF STETTIN ,1795
MARATHON COUNTY,37078,TOWN OF TEXAS ,1130
MARATHON COUNTY,37080,TOWN OF WAUSAU ,1544
MARATHON COUNTY,37082,TOWN OF WESTON ,444
MARATHON COUNTY,37084,TOWN OF WIEN ,515
MARATHON COUNTY,37102,VILLAGE OF ATHENS ,678
MARATHON COUNTY,37121,VILLAGE OF EDGAR ,888
MARATHON COUNTY,37122,VILLAGE OF ELDERON ,99
MARATHON COUNTY,37126,VILLAGE OF FENWOOD ,99
MARATHON COUNTY,37136,VILLAGE OF HATLEY ,407
MARATHON COUNTY,37145,VILLAGE OF KRONENWETTER ,5406
MARATHON COUNTY,37146,VILLAGE OF MAINE ,1911
MARATHON COUNTY,37151,VILLAGE OF MARATHON CITY ,971
MARATHON COUNTY,37176,VILLAGE OF ROTHSCHILD ,3377
MARATHON COUNTY,37181,VILLAGE OF SPENCER ,1000
MARATHON COUNTY,37182,VILLAGE OF STRATFORD ,939
CLARK COUNTY,37186,VILLAGE OF UNITY ,70
MARATHON COUNTY,37186,VILLAGE OF UNITY ,111
MARATHON COUNTY,37192,VILLAGE OF WESTON ,8931
MARATHON COUNTY,37251,CITY OF MOSINEE ,2640
MARATHON COUNTY,37281,CITY OF SCHOFIELD ,1239
MARATHON COUNTY,37291,CITY OF WAUSAU ,20443
MARINETTE COUNTY,38002,TOWN OF AMBERG ,524
MARINETTE COUNTY,38004,TOWN OF ATHELSTANE ,416
MARINETTE COUNTY,38006,TOWN OF BEAVER ,734
MARINETTE COUNTY,38008,TOWN OF BEECHER ,531
MARINETTE COUNTY,38010,TOWN OF DUNBAR ,398
MARINETTE COUNTY,38012,TOWN OF GOODMAN ,427
MARINETTE COUNTY,38014,TOWN OF GROVER ,1123
MARINETTE COUNTY,38016,TOWN OF LAKE ,800
MARINETTE COUNTY,38018,TOWN OF MIDDLE INLET ,595
MARINETTE COUNTY,38020,TOWN OF NIAGARA ,578
MARINETTE COUNTY,38022,TOWN OF PEMBINE ,611
MARINETTE COUNTY,38024,TOWN OF PESHTIGO ,2853
MARINETTE COUNTY,38026,TOWN OF PORTERFIELD ,1275
MARINETTE COUNTY,38028,TOWN OF POUND ,852
MARINETTE COUNTY,38030,TOWN OF SILVER CLIFF ,435
MARINETTE COUNTY,38032,TOWN OF STEPHENSON ,2533
MARINETTE COUNTY,38034,TOWN OF WAGNER ,478
MARINETTE COUNTY,38036,TOWN OF WAUSAUKEE ,837
MARINETTE COUNTY,38111,VILLAGE OF COLEMAN ,396
MARINETTE COUNTY,38121,VILLAGE OF CRIVITZ ,580
MARINETTE COUNTY,38171,VILLAGE OF POUND ,178
MARINETTE COUNTY,38191,VILLAGE OF WAUSAUKEE ,283
MARINETTE COUNTY,38251,CITY OF MARINETTE ,5351
MARINETTE COUNTY,38261,CITY OF NIAGARA ,847
MARINETTE COUNTY,38271,CITY OF PESHTIGO ,1817
MARQUETTE COUNTY,39002,TOWN OF BUFFALO ,702
MARQUETTE COUNTY,39004,TOWN OF CRYSTAL LAKE ,365
MARQUETTE COUNTY,39006,TOWN OF DOUGLAS ,548
MARQUETTE COUNTY,39008,TOWN OF HARRIS ,519
MARQUETTE COUNTY,39010,TOWN OF MECAN ,513
MARQUETTE COUNTY,39012,TOWN OF MONTELLO ,808
MARQUETTE COUNTY,39014,TOWN OF MOUNDVILLE ,301
MARQUETTE COUNTY,39016,TOWN OF NESHKORO ,424
MARQUETTE COUNTY,39018,TOWN OF NEWTON ,294
MARQUETTE COUNTY,39020,TOWN OF OXFORD ,616
MARQUETTE COUNTY,39022,TOWN OF PACKWAUKEE ,951
MARQUETTE COUNTY,39024,TOWN OF SHIELDS ,394
MARQUETTE COUNTY,39026,TOWN OF SPRINGFIELD ,574
MARQUETTE COUNTY,39028,TOWN OF WESTFIELD ,577
MARQUETTE COUNTY,39121,VILLAGE OF ENDEAVOR ,243
MARQUETTE COUNTY,39161,VILLAGE OF NESHKORO ,251
MARQUETTE COUNTY,39165,VILLAGE OF OXFORD ,340
MARQUETTE COUNTY,39191,VILLAGE OF WESTFIELD ,621
MARQUETTE COUNTY,39251,CITY OF MONTELLO ,852
MENOMINEE COUNTY,40001,TOWN OF MENOMINEE ,2001
MILWAUKEE COUNTY,41106,VILLAGE OF BAYSIDE ,3356
OZAUKEE COUNTY,41106,VILLAGE OF BAYSIDE ,90
MILWAUKEE COUNTY,41107,VILLAGE OF BROWN DEER ,8135
MILWAUKEE COUNTY,41126,VILLAGE OF FOX POINT ,5263
MILWAUKEE COUNTY,41131,VILLAGE OF GREENDALE ,10101
MILWAUKEE COUNTY,41136,VILLAGE OF HALES CORNERS ,4869
MILWAUKEE COUNTY,41176,VILLAGE OF RIVER HILLS ,1291
MILWAUKEE COUNTY,41181,VILLAGE OF SHOREWOOD ,10005
MILWAUKEE COUNTY,41191,VILLAGE OF WEST MILWAUKEE ,1801
MILWAUKEE COUNTY,41192,VILLAGE OF WHITEFISH BAY ,10454
MILWAUKEE COUNTY,41211,CITY OF CUDAHY ,10593
MILWAUKEE COUNTY,41226,CITY OF FRANKLIN ,23103
MILWAUKEE COUNTY,41231,CITY OF GLENDALE ,9334
MILWAUKEE COUNTY,41236,CITY OF GREENFIELD ,22154
MILWAUKEE COUNTY,41251,CITY OF MILWAUKEE ,292013
MILWAUKEE COUNTY,41265,CITY OF OAK CREEK ,21553
MILWAUKEE COUNTY,41281,CITY OF ST. FRANCIS ,6176
MILWAUKEE COUNTY,41282,CITY OF SOUTH MILWAUKEE ,11435
MILWAUKEE COUNTY,41291,CITY OF WAUWATOSA ,33784
MILWAUKEE COUNTY,41292,CITY OF WEST ALLIS ,33160
MONROE COUNTY,42002,TOWN OF ADRIAN ,505
MONROE COUNTY,42004,TOWN OF ANGELO ,851
MONROE COUNTY,42006,TOWN OF BYRON ,691
MONROE COUNTY,42008,TOWN OF CLIFTON ,256
MONROE COUNTY,42010,TOWN OF GLENDALE ,406
MONROE COUNTY,42012,TOWN OF GRANT ,286
MONROE COUNTY,42014,TOWN OF GREENFIELD ,447
MONROE COUNTY,42016,TOWN OF JEFFERSON ,352
MONROE COUNTY,42018,TOWN OF LAFAYETTE ,222
MONROE COUNTY,42020,TOWN OF LA GRANGE ,1321
MONROE COUNTY,42022,TOWN OF LEON ,705
MONROE COUNTY,42024,TOWN OF LINCOLN ,512
MONROE COUNTY,42026,TOWN OF LITTLE FALLS ,926
MONROE COUNTY,42028,TOWN OF NEW LYME ,124
MONROE COUNTY,42030,TOWN OF OAKDALE ,458
MONROE COUNTY,42032,TOWN OF PORTLAND ,504
MONROE COUNTY,42034,TOWN OF RIDGEVILLE ,306
MONROE COUNTY,42036,TOWN OF SCOTT ,53
MONROE COUNTY,42038,TOWN OF SHELDON ,292
MONROE COUNTY,42040,TOWN OF SPARTA ,1987
MONROE COUNTY,42042,TOWN OF TOMAH ,911
MONROE COUNTY,42044,TOWN OF WELLINGTON ,310
MONROE COUNTY,42046,TOWN OF WELLS ,359
MONROE COUNTY,42048,TOWN OF WILTON ,316
MONROE COUNTY,42111,VILLAGE OF CASHTON ,554
MONROE COUNTY,42141,VILLAGE OF KENDALL ,252
MONROE COUNTY,42151,VILLAGE OF MELVINA ,50
MONROE COUNTY,42161,VILLAGE OF NORWALK ,233
MONROE COUNTY,42165,VILLAGE OF OAKDALE ,153
MONROE COUNTY,42185,VILLAGE OF WARRENS ,305
MONROE COUNTY,42191,VILLAGE OF WILTON ,275
MONROE COUNTY,42192,VILLAGE OF WYEVILLE ,73
MONROE COUNTY,42281,CITY OF SPARTA ,4926
MONROE COUNTY,42286,CITY OF TOMAH ,4632
OCONTO COUNTY,43002,TOWN OF ABRAMS ,1397
OCONTO COUNTY,43006,TOWN OF BAGLEY ,215
OCONTO COUNTY,43008,TOWN OF BRAZEAU ,1007
OCONTO COUNTY,43010,TOWN OF BREED ,469
OCONTO COUNTY,43012,TOWN OF CHASE ,2095
OCONTO COUNTY,43014,TOWN OF DOTY ,270
OCONTO COUNTY,43016,TOWN OF GILLETT ,690
OCONTO COUNTY,43018,TOWN OF HOW ,385
OCONTO COUNTY,43019,TOWN OF LAKEWOOD ,683
OCONTO COUNTY,43020,TOWN OF LENA ,470
OCONTO COUNTY,43022,TOWN OF LITTLE RIVER ,666
OCONTO COUNTY,43024,TOWN OF LITTLE SUAMICO ,3772
OCONTO COUNTY,43026,TOWN OF MAPLE VALLEY ,446
OCONTO COUNTY,43028,TOWN OF MORGAN ,734
OCONTO COUNTY,43029,TOWN OF MOUNTAIN ,650
OCONTO COUNTY,43030,TOWN OF OCONTO ,872
OCONTO COUNTY,43032,TOWN OF OCONTO FALLS ,831
OCONTO COUNTY,43034,TOWN OF PENSAUKEE ,963
OCONTO COUNTY,43036,TOWN OF RIVERVIEW ,636
OCONTO COUNTY,43038,TOWN OF SPRUCE ,578
OCONTO COUNTY,43040,TOWN OF STILES ,1019
OCONTO COUNTY,43042,TOWN OF TOWNSEND ,844
OCONTO COUNTY,43044,TOWN OF UNDERHILL ,531
OCONTO COUNTY,43146,VILLAGE OF LENA ,318
OCONTO COUNTY,43181,VILLAGE OF SURING ,276
OCONTO COUNTY,43231,CITY OF GILLETT ,707
OCONTO COUNTY,43265,CITY OF OCONTO ,2436
OCONTO COUNTY,43266,CITY OF OCONTO FALLS ,1577
ONEIDA COUNTY,44002,TOWN OF CASSIAN ,854
ONEIDA COUNTY,44004,TOWN OF CRESCENT ,1485
ONEIDA COUNTY,44006,TOWN OF ENTERPRISE ,281
ONEIDA COUNTY,44008,TOWN OF HAZELHURST ,1003
ONEIDA COUNTY,44010,TOWN OF LAKE TOMAHAWK ,818
ONEIDA COUNTY,44012,TOWN OF LITTLE RICE ,284
ONEIDA COUNTY,44014,TOWN OF LYNNE ,104
ONEIDA COUNTY,44016,TOWN OF MINOCQUA ,3880
ONEIDA COUNTY,44018,TOWN OF MONICO ,193
ONEIDA COUNTY,44020,TOWN OF NEWBOLD ,2120
ONEIDA COUNTY,44022,TOWN OF NOKOMIS ,1116
ONEIDA COUNTY,44024,TOWN OF PELICAN ,1912
ONEIDA COUNTY,44026,TOWN OF PIEHL ,51
ONEIDA COUNTY,44028,TOWN OF PINE LAKE ,1783
ONEIDA COUNTY,44030,TOWN OF SCHOEPKE ,328
ONEIDA COUNTY,44032,TOWN OF STELLA ,419
ONEIDA COUNTY,44034,TOWN OF SUGAR CAMP ,1386
ONEIDA COUNTY,44036,TOWN OF THREE LAKES ,1909
ONEIDA COUNTY,44038,TOWN OF WOODBORO ,638
ONEIDA COUNTY,44040,TOWN OF WOODRUFF ,1502
ONEIDA COUNTY,44276,CITY OF RHINELANDER ,4408
OUTAGAMIE COUNTY,45002,TOWN OF BLACK CREEK ,847
OUTAGAMIE COUNTY,45004,TOWN OF BOVINA ,788
OUTAGAMIE COUNTY,45006,TOWN OF BUCHANAN ,4544
OUTAGAMIE COUNTY,45008,TOWN OF CENTER ,2702
OUTAGAMIE COUNTY,45010,TOWN OF CICERO ,656
OUTAGAMIE COUNTY,45012,TOWN OF DALE ,1999
OUTAGAMIE COUNTY,45014,TOWN OF DEER CREEK ,351
OUTAGAMIE COUNTY,45016,TOWN OF ELLINGTON ,2070
OUTAGAMIE COUNTY,45018,TOWN OF FREEDOM ,4136
OUTAGAMIE COUNTY,45020,TOWN OF GRAND CHUTE ,14339
OUTAGAMIE COUNTY,45024,TOWN OF HORTONIA ,731
OUTAGAMIE COUNTY,45026,TOWN OF KAUKAUNA ,912
OUTAGAMIE COUNTY,45028,TOWN OF LIBERTY ,565
OUTAGAMIE COUNTY,45030,TOWN OF MAINE ,544
OUTAGAMIE COUNTY,45032,TOWN OF MAPLE CREEK ,385
OUTAGAMIE COUNTY,45034,TOWN OF ONEIDA ,2437
OUTAGAMIE COUNTY,45036,TOWN OF OSBORN ,855
OUTAGAMIE COUNTY,45038,TOWN OF SEYMOUR ,790
OUTAGAMIE COUNTY,45040,TOWN OF VANDENBROEK ,1181
OUTAGAMIE COUNTY,45106,VILLAGE OF BEAR CREEK ,148
OUTAGAMIE COUNTY,45107,VILLAGE OF BLACK CREEK ,741
OUTAGAMIE COUNTY,45111,VILLAGE OF COMBINED LOCKS ,2439
OUTAGAMIE COUNTY,45122,VILLAGE OF GREENVILLE ,8432
OUTAGAMIE COUNTY,45136,VILLAGE OF HORTONVILLE ,1908
OUTAGAMIE COUNTY,45141,VILLAGE OF KIMBERLY ,4676
OUTAGAMIE COUNTY,45146,VILLAGE OF LITTLE CHUTE ,7033
OUTAGAMIE COUNTY,45155,VILLAGE OF NICHOLS ,134
OUTAGAMIE COUNTY,45181,VILLAGE OF SHIOCTON ,475
CALUMET COUNTY,45201,CITY OF APPLETON ,6383
OUTAGAMIE COUNTY,45201,CITY OF APPLETON ,35976
WINNEBAGO COUNTY,45201,CITY OF APPLETON ,499
OUTAGAMIE COUNTY,45241,CITY OF KAUKAUNA ,10068
OUTAGAMIE COUNTY,45281,CITY OF SEYMOUR ,2129
OZAUKEE COUNTY,46002,TOWN OF BELGIUM ,1077
OZAUKEE COUNTY,46004,TOWN OF CEDARBURG ,4689
OZAUKEE COUNTY,46006,TOWN OF FREDONIA ,1485
OZAUKEE COUNTY,46008,TOWN OF GRAFTON ,3223
OZAUKEE COUNTY,46012,TOWN OF PORT WASHINGTON ,1123
OZAUKEE COUNTY,46014,TOWN OF SAUKVILLE ,1378
OZAUKEE COUNTY,46106,VILLAGE OF BELGIUM ,1546
OZAUKEE COUNTY,46126,VILLAGE OF FREDONIA ,1473
OZAUKEE COUNTY,46131,VILLAGE OF GRAFTON ,8350
OZAUKEE COUNTY,46181,VILLAGE OF SAUKVILLE ,2681
OZAUKEE COUNTY,46186,VILLAGE OF THIENSVILLE ,2365
OZAUKEE COUNTY,46211,CITY OF CEDARBURG ,9057
OZAUKEE COUNTY,46255,CITY OF MEQUON ,18572
OZAUKEE COUNTY,46271,CITY OF PORT WASHINGTON ,8243
PEPIN COUNTY,47002,TOWN OF ALBANY ,383
PEPIN COUNTY,47004,TOWN OF DURAND ,453
PEPIN COUNTY,47006,TOWN OF FRANKFORT ,210
PEPIN COUNTY,47008,TOWN OF LIMA ,348
PEPIN COUNTY,47010,TOWN OF PEPIN ,483
PEPIN COUNTY,47012,TOWN OF STOCKHOLM ,166
PEPIN COUNTY,47014,TOWN OF WATERVILLE ,501
PEPIN COUNTY,47016,TOWN OF WAUBEEK ,280
PEPIN COUNTY,47171,VILLAGE OF PEPIN ,514
PEPIN COUNTY,47181,VILLAGE OF STOCKHOLM ,79
PEPIN COUNTY,47216,CITY OF DURAND ,1058
PIERCE COUNTY,48002,TOWN OF CLIFTON ,1651
PIERCE COUNTY,48004,TOWN OF DIAMOND BLUFF ,334
PIERCE COUNTY,48006,TOWN OF ELLSWORTH ,769
PIERCE COUNTY,48008,TOWN OF EL PASO ,475
PIERCE COUNTY,48010,TOWN OF GILMAN ,674
PIERCE COUNTY,48012,TOWN OF HARTLAND ,581
PIERCE COUNTY,48014,TOWN OF ISABELLE ,190
PIERCE COUNTY,48016,TOWN OF MAIDEN ROCK ,418
PIERCE COUNTY,48018,TOWN OF MARTELL ,838
PIERCE COUNTY,48020,TOWN OF OAK GROVE ,1671
PIERCE COUNTY,48022,TOWN OF RIVER FALLS ,1623
PIERCE COUNTY,48024,TOWN OF ROCK ELM ,295
PIERCE COUNTY,48026,TOWN OF SALEM ,309
PIERCE COUNTY,48028,TOWN OF SPRING LAKE ,411
PIERCE COUNTY,48030,TOWN OF TRENTON ,1205
PIERCE COUNTY,48032,TOWN OF TRIMBELLE ,1110
PIERCE COUNTY,48034,TOWN OF UNION ,380
PIERCE COUNTY,48106,VILLAGE OF BAY CITY ,255
PIERCE COUNTY,48121,VILLAGE OF ELLSWORTH ,1749
PIERCE COUNTY,48122,VILLAGE OF ELMWOOD ,429
PIERCE COUNTY,48151,VILLAGE OF MAIDEN ROCK ,82
PIERCE COUNTY,48171,VILLAGE OF PLUM CITY ,316
PIERCE COUNTY,48181,VILLAGE OF SPRING VALLEY ,801
ST. CROIX COUNTY,48181,VILLAGE OF SPRING VALLEY ,8
PIERCE COUNTY,48271,CITY OF PRESCOTT ,2606
PIERCE COUNTY,48276,CITY OF RIVER FALLS ,6232
ST. CROIX COUNTY,48276,CITY OF RIVER FALLS ,2673
POLK COUNTY,49002,TOWN OF ALDEN ,2031
POLK COUNTY,49004,TOWN OF APPLE RIVER ,742
POLK COUNTY,49006,TOWN OF BALSAM LAKE ,1004
POLK COUNTY,49008,TOWN OF BEAVER ,557
POLK COUNTY,49010,TOWN OF BLACK BROOK ,921
POLK COUNTY,49012,TOWN OF BONE LAKE ,481
POLK COUNTY,49014,TOWN OF CLAM FALLS ,366
POLK COUNTY,49016,TOWN OF CLAYTON ,614
POLK COUNTY,49018,TOWN OF CLEAR LAKE ,548
POLK COUNTY,49020,TOWN OF EUREKA ,1164
POLK COUNTY,49022,TOWN OF FARMINGTON ,1352
POLK COUNTY,49024,TOWN OF GARFIELD ,1112
POLK COUNTY,49026,TOWN OF GEORGETOWN ,724
POLK COUNTY,49028,TOWN OF JOHNSTOWN ,333
POLK COUNTY,49030,TOWN OF LAKETOWN ,700
POLK COUNTY,49032,TOWN OF LINCOLN ,1567
POLK COUNTY,49034,TOWN OF LORAIN ,212
POLK COUNTY,49036,TOWN OF LUCK ,654
POLK COUNTY,49038,TOWN OF MCKINLEY ,249
POLK COUNTY,49040,TOWN OF MILLTOWN ,812
POLK COUNTY,49042,TOWN OF OSCEOLA ,2104
POLK COUNTY,49044,TOWN OF ST. CROIX FALLS ,767
POLK COUNTY,49046,TOWN OF STERLING ,479
POLK COUNTY,49048,TOWN OF WEST SWEDEN ,482
POLK COUNTY,49106,VILLAGE OF BALSAM LAKE ,532
POLK COUNTY,49111,VILLAGE OF CENTURIA ,406
POLK COUNTY,49112,VILLAGE OF CLAYTON ,278
POLK COUNTY,49113,VILLAGE OF CLEAR LAKE ,633
POLK COUNTY,49116,VILLAGE OF DRESSER ,535
POLK COUNTY,49126,VILLAGE OF FREDERIC ,634
POLK COUNTY,49146,VILLAGE OF LUCK ,673
POLK COUNTY,49151,VILLAGE OF MILLTOWN ,510
POLK COUNTY,49165,VILLAGE OF OSCEOLA ,1728
POLK COUNTY,49201,CITY OF AMERY ,1727
POLK COUNTY,49281,CITY OF ST. CROIX FALLS ,1422
PORTAGE COUNTY,50002,TOWN OF ALBAN ,576
PORTAGE COUNTY,50004,TOWN OF ALMOND ,470
PORTAGE COUNTY,50006,TOWN OF AMHERST ,1031
PORTAGE COUNTY,50008,TOWN OF BELMONT ,435
PORTAGE COUNTY,50010,TOWN OF BUENA VISTA ,805
PORTAGE COUNTY,50012,TOWN OF CARSON ,936
PORTAGE COUNTY,50014,TOWN OF DEWEY ,715
PORTAGE COUNTY,50016,TOWN OF EAU PLEINE ,705
PORTAGE COUNTY,50018,TOWN OF GRANT ,1285
PORTAGE COUNTY,50020,TOWN OF HULL ,3797
PORTAGE COUNTY,50022,TOWN OF LANARK ,1098
PORTAGE COUNTY,50024,TOWN OF LINWOOD ,805
PORTAGE COUNTY,50026,TOWN OF NEW HOPE ,531
PORTAGE COUNTY,50028,TOWN OF PINE GROVE ,435
PORTAGE COUNTY,50030,TOWN OF PLOVER ,984
PORTAGE COUNTY,50032,TOWN OF SHARON ,1530
PORTAGE COUNTY,50034,TOWN OF STOCKTON ,2074
PORTAGE COUNTY,50101,VILLAGE OF ALMOND ,224
PORTAGE COUNTY,50102,VILLAGE OF AMHERST ,744
PORTAGE COUNTY,50103,VILLAGE OF AMHERST JUNCTION ,254
PORTAGE COUNTY,50141,VILLAGE OF JUNCTION CITY ,208
PORTAGE COUNTY,50161,VILLAGE OF NELSONVILLE ,117
PORTAGE COUNTY,50171,VILLAGE OF PARK RIDGE ,426
PORTAGE COUNTY,50173,VILLAGE OF PLOVER ,8471
PORTAGE COUNTY,50176,VILLAGE OF ROSHOLT ,280
PORTAGE COUNTY,50191,VILLAGE OF WHITING ,1140
PORTAGE COUNTY,50281,CITY OF STEVENS POINT ,14894
PRICE COUNTY,51002,TOWN OF CATAWBA ,177
PRICE COUNTY,51004,TOWN OF EISENSTEIN ,435
PRICE COUNTY,51006,TOWN OF ELK ,725
PRICE COUNTY,51008,TOWN OF EMERY ,221
PRICE COUNTY,51010,TOWN OF FIFIELD ,685
PRICE COUNTY,51012,TOWN OF FLAMBEAU ,399
PRICE COUNTY,51014,TOWN OF GEORGETOWN ,98
PRICE COUNTY,51016,TOWN OF HACKETT ,136
PRICE COUNTY,51018,TOWN OF HARMONY ,150
PRICE COUNTY,51020,TOWN OF HILL ,265
PRICE COUNTY,51022,TOWN OF KENNAN ,204
PRICE COUNTY,51024,TOWN OF KNOX ,226
PRICE COUNTY,51026,TOWN OF LAKE ,831
PRICE COUNTY,51028,TOWN OF OGEMA ,459
PRICE COUNTY,51030,TOWN OF PRENTICE ,295
PRICE COUNTY,51032,TOWN OF SPIRIT ,227
PRICE COUNTY,51034,TOWN OF WORCESTER ,1168
PRICE COUNTY,51111,VILLAGE OF CATAWBA ,83
PRICE COUNTY,51141,VILLAGE OF KENNAN ,89
PRICE COUNTY,51171,VILLAGE OF PRENTICE ,340
PRICE COUNTY,51271,CITY OF PARK FALLS ,1247
PRICE COUNTY,51272,CITY OF PHILLIPS ,791
RACINE COUNTY,52002,TOWN OF BURLINGTON ,4320
RACINE COUNTY,52006,TOWN OF DOVER ,2452
RACINE COUNTY,52010,TOWN OF NORWAY ,5687
RACINE COUNTY,52016,TOWN OF WATERFORD ,4591
RACINE COUNTY,52104,VILLAGE OF CALEDONIA ,17606
RACINE COUNTY,52121,VILLAGE OF ELMWOOD PARK ,365
RACINE COUNTY,52151,VILLAGE OF MOUNT PLEASANT ,18291
RACINE COUNTY,52161,VILLAGE OF NORTH BAY ,171
RACINE COUNTY,52168,Village of Raymond ,2908
RACINE COUNTY,52176,VILLAGE OF ROCHESTER ,2690
RACINE COUNTY,52181,VILLAGE OF STURTEVANT ,3023
RACINE COUNTY,52186,VILLAGE OF UNION GROVE ,2940
RACINE COUNTY,52191,VILLAGE OF WATERFORD ,3855
RACINE COUNTY,52192,VILLAGE OF WIND POINT ,1410
RACINE COUNTY,52194,Village of Yorkville ,2273
RACINE COUNTY,52206,CITY OF BURLINGTON ,6254
WALWORTH COUNTY,52206,CITY OF BURLINGTON ,1
RACINE COUNTY,52276,CITY OF RACINE ,36243
RICHLAND COUNTY,53002,TOWN OF AKAN ,270
RICHLAND COUNTY,53004,TOWN OF BLOOM ,287
RICHLAND COUNTY,53006,TOWN OF BUENA VISTA ,972
RICHLAND COUNTY,53008,TOWN OF DAYTON ,436
RICHLAND COUNTY,53010,TOWN OF EAGLE ,295
RICHLAND COUNTY,53012,TOWN OF FOREST ,226
RICHLAND COUNTY,53014,TOWN OF HENRIETTA ,279
RICHLAND COUNTY,53016,TOWN OF ITHACA ,374
RICHLAND COUNTY,53018,TOWN OF MARSHALL ,334
RICHLAND COUNTY,53020,TOWN OF ORION ,338
RICHLAND COUNTY,53022,TOWN OF RICHLAND ,743
RICHLAND COUNTY,53024,TOWN OF RICHWOOD ,314
RICHLAND COUNTY,53026,TOWN OF ROCKBRIDGE ,441
RICHLAND COUNTY,53028,TOWN OF SYLVAN ,258
RICHLAND COUNTY,53030,TOWN OF WESTFORD ,311
RICHLAND COUNTY,53032,TOWN OF WILLOW ,295
RICHLAND COUNTY,53106,VILLAGE OF BOAZ ,75
RICHLAND COUNTY,53111,VILLAGE OF CAZENOVIA ,194
SAUK COUNTY,53111,VILLAGE OF CAZENOVIA ,12
RICHLAND COUNTY,53146,VILLAGE OF LONE ROCK ,511
RICHLAND COUNTY,53186,VILLAGE OF VIOLA ,262
VERNON COUNTY,53186,VILLAGE OF VIOLA ,109
RICHLAND COUNTY,53196,VILLAGE OF YUBA ,42
RICHLAND COUNTY,53276,CITY OF RICHLAND CENTER ,2706
ROCK COUNTY,54002,TOWN OF AVON ,392
ROCK COUNTY,54004,TOWN OF BELOIT ,4988
ROCK COUNTY,54006,TOWN OF BRADFORD ,652
ROCK COUNTY,54008,TOWN OF CENTER ,761
ROCK COUNTY,54010,TOWN OF CLINTON ,561
ROCK COUNTY,54012,TOWN OF FULTON ,2601
ROCK COUNTY,54014,TOWN OF HARMONY ,1853
ROCK COUNTY,54016,TOWN OF JANESVILLE ,2704
ROCK COUNTY,54018,TOWN OF JOHNSTOWN ,509
ROCK COUNTY,54020,TOWN OF LA PRAIRIE ,518
ROCK COUNTY,54022,TOWN OF LIMA ,735
ROCK COUNTY,54024,TOWN OF MAGNOLIA ,465
ROCK COUNTY,54026,TOWN OF MILTON ,2197
ROCK COUNTY,54028,TOWN OF NEWARK ,1089
ROCK COUNTY,54030,TOWN OF PLYMOUTH ,825
ROCK COUNTY,54032,TOWN OF PORTER ,712
ROCK COUNTY,54034,TOWN OF ROCK ,1736
ROCK COUNTY,54036,TOWN OF SPRING VALLEY ,482
ROCK COUNTY,54038,TOWN OF TURTLE ,1719
ROCK COUNTY,54040,TOWN OF UNION ,1415
ROCK COUNTY,54111,VILLAGE OF CLINTON ,1156
ROCK COUNTY,54126,VILLAGE OF FOOTVILLE ,553
ROCK COUNTY,54165,VILLAGE OF ORFORDVILLE ,882
ROCK COUNTY,54206,CITY OF BELOIT ,16385
DANE COUNTY,54221,CITY OF EDGERTON ,78
ROCK COUNTY,54221,CITY OF EDGERTON ,3480
ROCK COUNTY,54222,CITY OF EVANSVILLE ,3532
ROCK COUNTY,54241,CITY OF JANESVILLE ,38024
ROCK COUNTY,54257,CITY OF MILTON ,3713
RUSK COUNTY,55002,TOWN OF ATLANTA ,390
RUSK COUNTY,55004,TOWN OF BIG BEND ,351
RUSK COUNTY,55006,TOWN OF BIG FALLS ,100
RUSK COUNTY,55008,TOWN OF CEDAR RAPIDS ,33
RUSK COUNTY,55010,TOWN OF DEWEY ,365
RUSK COUNTY,55012,TOWN OF FLAMBEAU ,644
RUSK COUNTY,55014,TOWN OF GRANT ,433
RUSK COUNTY,55016,TOWN OF GROW ,237
RUSK COUNTY,55018,TOWN OF HAWKINS ,76
RUSK COUNTY,55020,TOWN OF HUBBARD ,119
RUSK COUNTY,55022,TOWN OF LAWRENCE ,186
RUSK COUNTY,55024,TOWN OF MARSHALL ,271
RUSK COUNTY,55026,TOWN OF MURRY ,140
RUSK COUNTY,55028,TOWN OF RICHLAND ,131
RUSK COUNTY,55030,TOWN OF RUSK ,409
RUSK COUNTY,55032,TOWN OF SOUTH FORK ,87
RUSK COUNTY,55034,TOWN OF STRICKLAND ,192
RUSK COUNTY,55036,TOWN OF STUBBS ,366
RUSK COUNTY,55038,TOWN OF THORNAPPLE ,487
RUSK COUNTY,55040,TOWN OF TRUE ,172
RUSK COUNTY,55042,TOWN OF WASHINGTON ,270
RUSK COUNTY,55044,TOWN OF WILKINSON ,44
RUSK COUNTY,55046,TOWN OF WILLARD ,315
RUSK COUNTY,55048,TOWN OF WILSON ,89
RUSK COUNTY,55106,VILLAGE OF BRUCE ,447
RUSK COUNTY,55111,VILLAGE OF CONRATH ,40
RUSK COUNTY,55131,VILLAGE OF GLEN FLORA ,50
RUSK COUNTY,55136,VILLAGE OF HAWKINS ,188
RUSK COUNTY,55141,VILLAGE OF INGRAM ,47
RUSK COUNTY,55181,VILLAGE OF SHELDON ,140
RUSK COUNTY,55186,VILLAGE OF TONY ,68
RUSK COUNTY,55191,VILLAGE OF WEYERHAEUSER ,137
RUSK COUNTY,55246,CITY OF LADYSMITH ,1617
ST. CROIX COUNTY,56002,TOWN OF BALDWIN ,680
ST. CROIX COUNTY,56004,TOWN OF CADY ,559
ST. CROIX COUNTY,56006,TOWN OF CYLON ,444
ST. CROIX COUNTY,56008,TOWN OF EAU GALLE ,831
ST. CROIX COUNTY,56010,TOWN OF EMERALD ,533
ST. CROIX COUNTY,56012,TOWN OF ERIN PRAIRIE ,462
ST. CROIX COUNTY,56014,TOWN OF FOREST ,425
ST. CROIX COUNTY,56016,TOWN OF GLENWOOD ,512
ST. CROIX COUNTY,56018,TOWN OF HAMMOND ,1676
ST. CROIX COUNTY,56020,TOWN OF HUDSON ,6117
ST. CROIX COUNTY,56022,TOWN OF KINNICKINNIC ,1290
ST. CROIX COUNTY,56024,TOWN OF PLEASANT VALLEY ,386
ST. CROIX COUNTY,56026,TOWN OF RICHMOND ,2612
ST. CROIX COUNTY,56028,TOWN OF RUSH RIVER ,345
ST. CROIX COUNTY,56030,TOWN OF ST. JOSEPH ,3070
ST. CROIX COUNTY,56032,TOWN OF SOMERSET ,3148
ST. CROIX COUNTY,56034,TOWN OF SPRINGFIELD ,626
ST. CROIX COUNTY,56036,TOWN OF STANTON ,608
ST. CROIX COUNTY,56038,TOWN OF STAR PRAIRIE ,2508
ST. CROIX COUNTY,56040,TOWN OF TROY ,4094
ST. CROIX COUNTY,56042,TOWN OF WARREN ,1180
ST. CROIX COUNTY,56106,VILLAGE OF BALDWIN ,2408
ST. CROIX COUNTY,56116,VILLAGE OF DEER PARK ,129
ST. CROIX COUNTY,56136,VILLAGE OF HAMMOND ,1107
ST. CROIX COUNTY,56161,VILLAGE OF NORTH HUDSON ,2703
ST. CROIX COUNTY,56176,VILLAGE OF ROBERTS ,1242
ST. CROIX COUNTY,56181,VILLAGE OF SOMERSET ,1677
ST. CROIX COUNTY,56182,VILLAGE OF STAR PRAIRIE ,398
ST. CROIX COUNTY,56191,VILLAGE OF WILSON ,124
ST. CROIX COUNTY,56192,VILLAGE OF WOODVILLE ,798
ST. CROIX COUNTY,56231,CITY OF GLENWOOD CITY ,712
ST. CROIX COUNTY,56236,CITY OF HUDSON ,9311
ST. CROIX COUNTY,56261,CITY OF NEW RICHMOND ,6080
SAUK COUNTY,57002,TOWN OF BARABOO ,1239
SAUK COUNTY,57004,TOWN OF BEAR CREEK ,383
SAUK COUNTY,57006,TOWN OF DELLONA ,1214
SAUK COUNTY,57008,TOWN OF DELTON ,1507
SAUK COUNTY,57010,TOWN OF EXCELSIOR ,1114
SAUK COUNTY,57012,TOWN OF FAIRFIELD ,782
SAUK COUNTY,57014,TOWN OF FRANKLIN ,452
SAUK COUNTY,57016,TOWN OF FREEDOM ,313
SAUK COUNTY,57018,TOWN OF GREENFIELD ,710
SAUK COUNTY,57020,TOWN OF HONEY CREEK ,495
SAUK COUNTY,57022,TOWN OF IRONTON ,322
SAUK COUNTY,57024,TOWN OF LA VALLE ,1083
SAUK COUNTY,57026,TOWN OF MERRIMAC ,917
SAUK COUNTY,57028,TOWN OF PRAIRIE DU SAC ,750
SAUK COUNTY,57030,TOWN OF REEDSBURG ,741
SAUK COUNTY,57032,TOWN OF SPRING GREEN ,1328
SAUK COUNTY,57034,TOWN OF SUMPTER ,493
SAUK COUNTY,57036,TOWN OF TROY ,524
SAUK COUNTY,57038,TOWN OF WASHINGTON ,431
SAUK COUNTY,57040,TOWN OF WESTFIELD ,340
SAUK COUNTY,57042,TOWN OF WINFIELD ,587
SAUK COUNTY,57044,TOWN OF WOODLAND ,470
SAUK COUNTY,57141,VILLAGE OF IRONTON ,143
SAUK COUNTY,57146,VILLAGE OF LAKE DELTON ,1572
SAUK COUNTY,57147,VILLAGE OF LAVALLE ,197
SAUK COUNTY,57148,VILLAGE OF LIME RIDGE ,102
SAUK COUNTY,57149,VILLAGE OF LOGANVILLE ,173
SAUK COUNTY,57151,VILLAGE OF MERRIMAC ,360
SAUK COUNTY,57161,VILLAGE OF NORTH FREEDOM ,319
SAUK COUNTY,57171,VILLAGE OF PLAIN ,496
SAUK COUNTY,57172,VILLAGE OF PRAIRIE DU SAC ,2798
SAUK COUNTY,57176,VILLAGE OF ROCK SPRINGS ,201
SAUK COUNTY,57181,VILLAGE OF SAUK CITY ,2317
SAUK COUNTY,57182,VILLAGE OF SPRING GREEN ,1112
SAUK COUNTY,57191,VILLAGE OF WEST BARABOO ,882
SAUK COUNTY,57206,CITY OF BARABOO ,7078
SAUK COUNTY,57276,CITY OF REEDSBURG ,5429
SAWYER COUNTY,58002,TOWN OF BASS LAKE ,1626
SAWYER COUNTY,58004,TOWN OF COUDERAY ,208
SAWYER COUNTY,58006,TOWN OF DRAPER ,174
SAWYER COUNTY,58008,TOWN OF EDGEWATER ,431
SAWYER COUNTY,58010,TOWN OF HAYWARD ,2319
SAWYER COUNTY,58012,TOWN OF HUNTER ,498
SAWYER COUNTY,58014,TOWN OF LENROOT ,1040
SAWYER COUNTY,58016,TOWN OF MEADOWBROOK ,101
SAWYER COUNTY,58018,TOWN OF METEOR ,109
SAWYER COUNTY,58020,TOWN OF OJIBWA ,224
SAWYER COUNTY,58022,TOWN OF RADISSON ,298
SAWYER COUNTY,58024,TOWN OF ROUND LAKE ,890
SAWYER COUNTY,58026,TOWN OF SAND LAKE ,700
SAWYER COUNTY,58028,TOWN OF SPIDER LAKE ,369
SAWYER COUNTY,58030,TOWN OF WEIRGOR ,237
SAWYER COUNTY,58032,TOWN OF WINTER ,701
SAWYER COUNTY,58111,VILLAGE OF COUDERAY ,70
SAWYER COUNTY,58121,VILLAGE OF EXELAND ,103
SAWYER COUNTY,58176,VILLAGE OF RADISSON ,93
SAWYER COUNTY,58190,VILLAGE OF WINTER ,179
SAWYER COUNTY,58236,CITY OF HAYWARD ,1333
SHAWANO COUNTY,59002,TOWN OF ALMON ,368
SHAWANO COUNTY,59004,TOWN OF ANGELICA ,1221
SHAWANO COUNTY,59006,TOWN OF ANIWA ,329
SHAWANO COUNTY,59008,TOWN OF BARTELME ,416
SHAWANO COUNTY,59010,TOWN OF BELLE PLAINE ,1188
SHAWANO COUNTY,59012,TOWN OF BIRNAMWOOD ,436
SHAWANO COUNTY,59014,TOWN OF FAIRBANKS ,388
SHAWANO COUNTY,59016,TOWN OF GERMANIA ,213
SHAWANO COUNTY,59018,TOWN OF GRANT ,566
SHAWANO COUNTY,59020,TOWN OF GREEN VALLEY ,676
SHAWANO COUNTY,59022,TOWN OF HARTLAND ,485
SHAWANO COUNTY,59024,TOWN OF HERMAN ,473
SHAWANO COUNTY,59026,TOWN OF HUTCHINS ,334
SHAWANO COUNTY,59028,TOWN OF LESSOR ,852
SHAWANO COUNTY,59030,TOWN OF MAPLE GROVE ,602
SHAWANO COUNTY,59032,TOWN OF MORRIS ,269
SHAWANO COUNTY,59034,TOWN OF NAVARINO ,289
SHAWANO COUNTY,59036,TOWN OF PELLA ,569
SHAWANO COUNTY,59038,TOWN OF RED SPRINGS ,587
SHAWANO COUNTY,59040,TOWN OF RICHMOND ,1263
SHAWANO COUNTY,59042,TOWN OF SENECA ,320
SHAWANO COUNTY,59044,TOWN OF WASHINGTON ,1236
SHAWANO COUNTY,59046,TOWN OF WAUKECHON ,650
SHAWANO COUNTY,59048,TOWN OF WESCOTT ,2111
SHAWANO COUNTY,59050,TOWN OF WITTENBERG ,533
SHAWANO COUNTY,59101,VILLAGE OF ANIWA ,133
MARATHON COUNTY,59106,VILLAGE OF BIRNAMWOOD ,15
SHAWANO COUNTY,59106,VILLAGE OF BIRNAMWOOD ,399
SHAWANO COUNTY,59107,VILLAGE OF BONDUEL ,887
SHAWANO COUNTY,59108,VILLAGE OF BOWLER ,153
SHAWANO COUNTY,59111,VILLAGE OF CECIL ,381
SHAWANO COUNTY,59121,VILLAGE OF ELAND ,141
SHAWANO COUNTY,59131,VILLAGE OF GRESHAM ,322
SHAWANO COUNTY,59151,VILLAGE OF MATTOON ,190
SHAWANO COUNTY,59186,VILLAGE OF TIGERTON ,403
SHAWANO COUNTY,59191,VILLAGE OF WITTENBERG ,482
SHAWANO COUNTY,59281,CITY OF SHAWANO ,4730
SHEBOYGAN COUNTY,60002,TOWN OF GREENBUSH ,1043
SHEBOYGAN COUNTY,60004,TOWN OF HERMAN ,1155
SHEBOYGAN COUNTY,60006,TOWN OF HOLLAND ,1705
SHEBOYGAN COUNTY,60008,TOWN OF LIMA ,2034
SHEBOYGAN COUNTY,60010,TOWN OF LYNDON ,1095
SHEBOYGAN COUNTY,60012,TOWN OF MITCHELL ,867
SHEBOYGAN COUNTY,60014,TOWN OF MOSEL ,534
SHEBOYGAN COUNTY,60016,TOWN OF PLYMOUTH ,2198
SHEBOYGAN COUNTY,60018,TOWN OF RHINE ,1636
SHEBOYGAN COUNTY,60020,TOWN OF RUSSELL ,243
SHEBOYGAN COUNTY,60022,TOWN OF SCOTT ,1266
SHEBOYGAN COUNTY,60024,TOWN OF SHEBOYGAN ,5684
SHEBOYGAN COUNTY,60026,TOWN OF SHEBOYGAN FALLS ,1221
SHEBOYGAN COUNTY,60028,TOWN OF SHERMAN ,1067
SHEBOYGAN COUNTY,60030,TOWN OF WILSON ,2586
SHEBOYGAN COUNTY,60101,VILLAGE OF ADELL ,317
SHEBOYGAN COUNTY,60111,VILLAGE OF CASCADE ,473
SHEBOYGAN COUNTY,60112,VILLAGE OF CEDAR GROVE ,1417
SHEBOYGAN COUNTY,60121,VILLAGE OF ELKHART LAKE ,808
SHEBOYGAN COUNTY,60131,VILLAGE OF GLENBEULAH ,317
SHEBOYGAN COUNTY,60135,VILLAGE OF HOWARDS GROVE ,2252
SHEBOYGAN COUNTY,60141,VILLAGE OF KOHLER ,1559
SHEBOYGAN COUNTY,60165,VILLAGE OF OOSTBURG ,2173
SHEBOYGAN COUNTY,60176,VILLAGE OF RANDOM LAKE ,1028
SHEBOYGAN COUNTY,60191,VILLAGE OF WALDO ,298
SHEBOYGAN COUNTY,60271,CITY OF PLYMOUTH ,5357
SHEBOYGAN COUNTY,60281,CITY OF SHEBOYGAN ,25272
SHEBOYGAN COUNTY,60282,CITY OF SHEBOYGAN FALLS ,5500
TAYLOR COUNTY,61002,TOWN OF AURORA ,204
TAYLOR COUNTY,61004,TOWN OF BROWNING ,546
TAYLOR COUNTY,61006,TOWN OF CHELSEA ,484
TAYLOR COUNTY,61008,TOWN OF CLEVELAND ,164
TAYLOR COUNTY,61010,TOWN OF DEER CREEK ,385
TAYLOR COUNTY,61012,TOWN OF FORD ,150
TAYLOR COUNTY,61014,TOWN OF GOODRICH ,315
TAYLOR COUNTY,61016,TOWN OF GREENWOOD ,431
TAYLOR COUNTY,61018,TOWN OF GROVER ,165
TAYLOR COUNTY,61020,TOWN OF HAMMEL ,466
TAYLOR COUNTY,61022,TOWN OF HOLWAY ,352
TAYLOR COUNTY,61024,TOWN OF JUMP RIVER ,170
TAYLOR COUNTY,61026,TOWN OF LITTLE BLACK ,686
TAYLOR COUNTY,61028,TOWN OF MAPLEHURST ,177
TAYLOR COUNTY,61030,TOWN OF MCKINLEY ,240
TAYLOR COUNTY,61032,TOWN OF MEDFORD ,1638
TAYLOR COUNTY,61034,TOWN OF MOLITOR ,219
TAYLOR COUNTY,61036,TOWN OF PERSHING ,104
TAYLOR COUNTY,61038,TOWN OF RIB LAKE ,484
TAYLOR COUNTY,61040,TOWN OF ROOSEVELT ,223
TAYLOR COUNTY,61042,TOWN OF TAFT ,174
TAYLOR COUNTY,61044,TOWN OF WESTBORO ,481
TAYLOR COUNTY,61131,VILLAGE OF GILMAN ,225
TAYLOR COUNTY,61146,VILLAGE OF LUBLIN ,80
TAYLOR COUNTY,61176,VILLAGE OF RIB LAKE ,465
TAYLOR COUNTY,61181,VILLAGE OF STETSONVILLE ,305
TAYLOR COUNTY,61251,CITY OF MEDFORD ,2265
TREMPEALEAU COUNTY,62002,TOWN OF ALBION ,426
TREMPEALEAU COUNTY,62004,TOWN OF ARCADIA ,1088
TREMPEALEAU COUNTY,62006,TOWN OF BURNSIDE ,263
TREMPEALEAU COUNTY,62008,TOWN OF CALEDONIA ,605
TREMPEALEAU COUNTY,62010,TOWN OF CHIMNEY ROCK ,176
TREMPEALEAU COUNTY,62012,TOWN OF DODGE ,277
TREMPEALEAU COUNTY,62014,TOWN OF ETTRICK ,864
TREMPEALEAU COUNTY,62016,TOWN OF GALE ,1154
TREMPEALEAU COUNTY,62018,TOWN OF HALE ,677
TREMPEALEAU COUNTY,62020,TOWN OF LINCOLN ,397
TREMPEALEAU COUNTY,62022,TOWN OF PIGEON ,422
TREMPEALEAU COUNTY,62024,TOWN OF PRESTON ,520
TREMPEALEAU COUNTY,62026,TOWN OF SUMNER ,559
TREMPEALEAU COUNTY,62028,TOWN OF TREMPEALEAU ,1310
TREMPEALEAU COUNTY,62030,TOWN OF UNITY ,362
TREMPEALEAU COUNTY,62121,VILLAGE OF ELEVA ,385
TREMPEALEAU COUNTY,62122,VILLAGE OF ETTRICK ,296
TREMPEALEAU COUNTY,62173,VILLAGE OF PIGEON FALLS ,237
TREMPEALEAU COUNTY,62181,VILLAGE OF STRUM ,644
TREMPEALEAU COUNTY,62186,VILLAGE OF TREMPEALEAU ,1208
TREMPEALEAU COUNTY,62201,CITY OF ARCADIA ,911
TREMPEALEAU COUNTY,62206,CITY OF BLAIR ,645
TREMPEALEAU COUNTY,62231,CITY OF GALESVILLE ,981
TREMPEALEAU COUNTY,62241,CITY OF INDEPENDENCE ,606
TREMPEALEAU COUNTY,62265,CITY OF OSSEO ,1088
TREMPEALEAU COUNTY,62291,CITY OF WHITEHALL ,877
VERNON COUNTY,63002,TOWN OF BERGEN ,919
VERNON COUNTY,63004,TOWN OF CHRISTIANA ,624
VERNON COUNTY,63006,TOWN OF CLINTON ,284
VERNON COUNTY,63008,TOWN OF COON ,513
VERNON COUNTY,63010,TOWN OF FOREST ,307
VERNON COUNTY,63012,TOWN OF FRANKLIN ,682
VERNON COUNTY,63014,TOWN OF GENOA ,502
VERNON COUNTY,63016,TOWN OF GREENWOOD ,240
VERNON COUNTY,63018,TOWN OF HAMBURG ,636
VERNON COUNTY,63020,TOWN OF HARMONY ,403
VERNON COUNTY,63022,TOWN OF HILLSBORO ,406
VERNON COUNTY,63024,TOWN OF JEFFERSON ,770
VERNON COUNTY,63026,TOWN OF KICKAPOO ,314
VERNON COUNTY,63028,TOWN OF LIBERTY ,239
VERNON COUNTY,63030,TOWN OF STARK ,247
VERNON COUNTY,63032,TOWN OF STERLING ,365
VERNON COUNTY,63034,TOWN OF UNION ,247
VERNON COUNTY,63036,TOWN OF VIROQUA ,1244
VERNON COUNTY,63038,TOWN OF WEBSTER ,416
VERNON COUNTY,63040,TOWN OF WHEATLAND ,403
VERNON COUNTY,63042,TOWN OF WHITESTOWN ,282
VERNON COUNTY,63111,VILLAGE OF CHASEBURG ,167
VERNON COUNTY,63112,VILLAGE OF COON VALLEY ,489
CRAWFORD COUNTY,63116,VILLAGE OF DE SOTO ,42
VERNON COUNTY,63116,VILLAGE OF DE SOTO ,146
VERNON COUNTY,63131,VILLAGE OF GENOA ,149
VERNON COUNTY,63146,VILLAGE OF LA FARGE ,436
VERNON COUNTY,63165,VILLAGE OF ONTARIO ,250
VERNON COUNTY,63176,VILLAGE OF READSTOWN ,219
VERNON COUNTY,63181,VILLAGE OF STODDARD ,531
VERNON COUNTY,63236,CITY OF HILLSBORO ,758
VERNON COUNTY,63286,CITY OF VIROQUA ,2716
VERNON COUNTY,63291,CITY OF WESTBY ,1364
VILAS COUNTY,64002,TOWN OF ARBOR VITAE ,2457
VILAS COUNTY,64004,TOWN OF BOULDER JUNCTION ,944
VILAS COUNTY,64006,TOWN OF CLOVERLAND ,899
VILAS COUNTY,64008,TOWN OF CONOVER ,1066
VILAS COUNTY,64010,TOWN OF LAC DU FLAMBEAU ,2027
VILAS COUNTY,64012,TOWN OF LAND O-LAKES ,726
VILAS COUNTY,64014,TOWN OF LINCOLN ,1968
VILAS COUNTY,64016,TOWN OF MANITOWISH WATERS ,609
VILAS COUNTY,64018,TOWN OF PHELPS ,1008
VILAS COUNTY,64020,TOWN OF PLUM LAKE ,474
VILAS COUNTY,64022,TOWN OF PRESQUE ISLE ,646
VILAS COUNTY,64024,TOWN OF ST. GERMAIN ,1616
VILAS COUNTY,64026,TOWN OF WASHINGTON ,1298
VILAS COUNTY,64028,TOWN OF WINCHESTER ,405
VILAS COUNTY,64221,CITY OF EAGLE RIVER ,978
WALWORTH COUNTY,65002,TOWN OF BLOOMFIELD ,909
WALWORTH COUNTY,65004,TOWN OF DARIEN ,986
WALWORTH COUNTY,65006,TOWN OF DELAVAN ,3421
WALWORTH COUNTY,65008,TOWN OF EAST TROY ,3024
WALWORTH COUNTY,65010,TOWN OF GENEVA ,3659
WALWORTH COUNTY,65012,TOWN OF LAFAYETTE ,1464
WALWORTH COUNTY,65014,TOWN OF LA GRANGE ,1824
WALWORTH COUNTY,65016,TOWN OF LINN ,1740
WALWORTH COUNTY,65018,TOWN OF LYONS ,2279
WALWORTH COUNTY,65020,TOWN OF RICHMOND ,1302
WALWORTH COUNTY,65022,TOWN OF SHARON ,598
WALWORTH COUNTY,65024,TOWN OF SPRING PRAIRIE ,1632
WALWORTH COUNTY,65026,TOWN OF SUGAR CREEK ,2627
WALWORTH COUNTY,65028,TOWN OF TROY ,1705
WALWORTH COUNTY,65030,TOWN OF WALWORTH ,1114
WALWORTH COUNTY,65032,TOWN OF WHITEWATER ,1029
WALWORTH COUNTY,65115,VILLAGE OF BLOOMFIELD ,2632
WALWORTH COUNTY,65116,VILLAGE OF DARIEN ,802
WALWORTH COUNTY,65121,VILLAGE OF EAST TROY ,2948
WALWORTH COUNTY,65126,VILLAGE OF FONTANA ,1392
WALWORTH COUNTY,65131,VILLAGE OF GENOA CITY ,1672
WALWORTH COUNTY,65181,VILLAGE OF SHARON ,811
WALWORTH COUNTY,65191,VILLAGE OF WALWORTH ,1561
WALWORTH COUNTY,65192,VILLAGE OF WILLIAMS BAY ,2041
WALWORTH COUNTY,65216,CITY OF DELAVAN ,4297
WALWORTH COUNTY,65221,CITY OF ELKHORN ,5518
WALWORTH COUNTY,65246,CITY OF LAKE GENEVA ,4704
JEFFERSON COUNTY,65291,CITY OF WHITEWATER ,1156
WALWORTH COUNTY,65291,CITY OF WHITEWATER ,4896
WASHBURN COUNTY,66002,TOWN OF BARRONETT ,291
WASHBURN COUNTY,66004,TOWN OF BASHAW ,779
WASHBURN COUNTY,66006,TOWN OF BASS LAKE ,383
WASHBURN COUNTY,66008,TOWN OF BEAVER BROOK ,544
WASHBURN COUNTY,66010,TOWN OF BIRCHWOOD ,467
WASHBURN COUNTY,66012,TOWN OF BROOKLYN ,241
WASHBURN COUNTY,66014,TOWN OF CASEY ,341
WASHBURN COUNTY,66016,TOWN OF CHICOG ,249
WASHBURN COUNTY,66018,TOWN OF CRYSTAL ,193
WASHBURN COUNTY,66020,TOWN OF EVERGREEN ,822
WASHBURN COUNTY,66022,TOWN OF FROG CREEK ,107
WASHBURN COUNTY,66024,TOWN OF GULL LAKE ,154
WASHBURN COUNTY,66026,TOWN OF LONG LAKE ,514
WASHBURN COUNTY,66028,TOWN OF MADGE ,428
WASHBURN COUNTY,66030,TOWN OF MINONG ,755
WASHBURN COUNTY,66032,TOWN OF SARONA ,294
WASHBURN COUNTY,66034,TOWN OF SPOONER ,576
WASHBURN COUNTY,66036,TOWN OF SPRINGBROOK ,336
WASHBURN COUNTY,66038,TOWN OF STINNETT ,155
WASHBURN COUNTY,66040,TOWN OF STONE LAKE ,371
WASHBURN COUNTY,66042,TOWN OF TREGO ,689
WASHBURN COUNTY,66106,VILLAGE OF BIRCHWOOD ,249
WASHBURN COUNTY,66151,VILLAGE OF MINONG ,321
WASHBURN COUNTY,66281,CITY OF SPOONER ,1311
WASHBURN COUNTY,66282,CITY OF SHELL LAKE ,891
WASHINGTON COUNTY,67002,TOWN OF ADDISON ,2369
WASHINGTON COUNTY,67004,TOWN OF BARTON ,2056
WASHINGTON COUNTY,67006,TOWN OF ERIN ,3037
WASHINGTON COUNTY,67008,TOWN OF FARMINGTON ,2683
WASHINGTON COUNTY,67010,TOWN OF GERMANTOWN ,187
WASHINGTON COUNTY,67012,TOWN OF HARTFORD ,2564
WASHINGTON COUNTY,67014,TOWN OF JACKSON ,2951
WASHINGTON COUNTY,67016,TOWN OF KEWASKUM ,834
WASHINGTON COUNTY,67018,TOWN OF POLK ,3016
WASHINGTON COUNTY,67022,TOWN OF TRENTON ,3489
WASHINGTON COUNTY,67024,TOWN OF WAYNE ,1595
WASHINGTON COUNTY,67026,TOWN OF WEST BEND ,3588
WASHINGTON COUNTY,67131,VILLAGE OF GERMANTOWN ,14374
WASHINGTON COUNTY,67141,VILLAGE OF JACKSON ,5139
WASHINGTON COUNTY,67142,VILLAGE OF KEWASKUM ,2803
OZAUKEE COUNTY,67161,VILLAGE OF NEWBURG ,53
WASHINGTON COUNTY,67161,VILLAGE OF NEWBURG ,693
WASHINGTON COUNTY,67166,VILLAGE OF RICHFIELD ,9058
WASHINGTON COUNTY,67181,VILLAGE OF SLINGER ,4061
DODGE COUNTY,67236,CITY OF HARTFORD ,6
WASHINGTON COUNTY,67236,CITY OF HARTFORD ,9532
WASHINGTON COUNTY,67291,CITY OF WEST BEND ,19571
WAUKESHA COUNTY,68002,TOWN OF BROOKFIELD ,4937
WAUKESHA COUNTY,68004,TOWN OF DELAFIELD ,6515
WAUKESHA COUNTY,68006,TOWN OF EAGLE ,2697
WAUKESHA COUNTY,68008,TOWN OF GENESEE ,5450
WAUKESHA COUNTY,68010,TOWN OF LISBON ,7845
WAUKESHA COUNTY,68014,TOWN OF MERTON ,6392
WAUKESHA COUNTY,68016,TOWN OF MUKWONAGO ,5703
WAUKESHA COUNTY,68022,TOWN OF OCONOMOWOC ,6726
WAUKESHA COUNTY,68024,TOWN OF OTTAWA ,2924
WAUKESHA COUNTY,68106,VILLAGE OF BIG BEND ,1026
WAUKESHA COUNTY,68107,VILLAGE OF BUTLER ,1069
WAUKESHA COUNTY,68111,VILLAGE OF CHENEQUA ,421
WAUKESHA COUNTY,68116,VILLAGE OF DOUSMAN ,1584
WAUKESHA COUNTY,68121,VILLAGE OF EAGLE ,1537
WAUKESHA COUNTY,68122,VILLAGE OF ELM GROVE ,4832
WAUKESHA COUNTY,68136,VILLAGE OF HARTLAND ,6391
WAUKESHA COUNTY,68146,VILLAGE OF LAC LA BELLE ,246
WAUKESHA COUNTY,68147,VILLAGE OF LANNON ,1207
WAUKESHA COUNTY,68151,VILLAGE OF MENOMONEE FALLS ,27211
WAUKESHA COUNTY,68152,VILLAGE OF MERTON ,2439
WALWORTH COUNTY,68153,VILLAGE OF MUKWONAGO ,125
WAUKESHA COUNTY,68153,VILLAGE OF MUKWONAGO ,5290
WAUKESHA COUNTY,68158,VILLAGE OF NASHOTAH ,1006
WAUKESHA COUNTY,68161,VILLAGE OF NORTH PRAIRIE ,1565
WAUKESHA COUNTY,68166,VILLAGE OF OCONOMOWOC LAKE ,442
WAUKESHA COUNTY,68171,VILLAGE OF PEWAUKEE ,5348
WAUKESHA COUNTY,68172,VILLAGE OF SUMMIT ,3982
WAUKESHA COUNTY,68181,VILLAGE OF SUSSEX ,8153
WAUKESHA COUNTY,68186,VILLAGE OF VERNON ,5698
WAUKESHA COUNTY,68191,VILLAGE OF WALES ,2115
WAUKESHA COUNTY,68195,VILLAGE OF WAUKESHA ,6422
WAUKESHA COUNTY,68206,CITY OF BROOKFIELD ,28908
WAUKESHA COUNTY,68216,CITY OF DELAFIELD ,5446
WAUKESHA COUNTY,68251,CITY OF MUSKEGO ,17979
WAUKESHA COUNTY,68261,CITY OF NEW BERLIN ,29394
WAUKESHA COUNTY,68265,CITY OF OCONOMOWOC ,13135
WAUKESHA COUNTY,68270,CITY OF PEWAUKEE ,11335
WAUKESHA COUNTY,68291,CITY OF WAUKESHA ,42302
WAUPACA COUNTY,69002,TOWN OF BEAR CREEK ,493
WAUPACA COUNTY,69004,TOWN OF CALEDONIA ,1190
WAUPACA COUNTY,69006,TOWN OF DAYTON ,1869
WAUPACA COUNTY,69008,TOWN OF DUPONT ,390
WAUPACA COUNTY,69010,TOWN OF FARMINGTON ,2367
WAUPACA COUNTY,69012,TOWN OF FREMONT ,482
WAUPACA COUNTY,69014,TOWN OF HARRISON ,316
WAUPACA COUNTY,69016,TOWN OF HELVETIA ,507
WAUPACA COUNTY,69018,TOWN OF IOLA ,661
WAUPACA COUNTY,69020,TOWN OF LARRABEE ,805
WAUPACA COUNTY,69022,TOWN OF LEBANON ,1062
WAUPACA COUNTY,69024,TOWN OF LIND ,998
WAUPACA COUNTY,69026,TOWN OF LITTLE WOLF ,915
WAUPACA COUNTY,69028,TOWN OF MATTESON ,625
WAUPACA COUNTY,69030,TOWN OF MUKWA ,1986
WAUPACA COUNTY,69032,TOWN OF ROYALTON ,946
WAUPACA COUNTY,69034,TOWN OF SAINT LAWRENCE ,477
WAUPACA COUNTY,69036,TOWN OF SCANDINAVIA ,748
WAUPACA COUNTY,69038,TOWN OF UNION ,500
WAUPACA COUNTY,69040,TOWN OF WAUPACA ,771
WAUPACA COUNTY,69042,TOWN OF WEYAUWEGA ,369
WAUPACA COUNTY,69044,TOWN OF WYOMING ,210
WAUPACA COUNTY,69106,VILLAGE OF BIG FALLS ,47
WAUPACA COUNTY,69121,VILLAGE OF EMBARRASS ,207
WAUPACA COUNTY,69126,VILLAGE OF FREMONT ,515
WAUPACA COUNTY,69141,VILLAGE OF IOLA ,784
WAUPACA COUNTY,69165,VILLAGE OF OGDENSBURG ,108
WAUPACA COUNTY,69181,VILLAGE OF SCANDINAVIA ,221
WAUPACA COUNTY,69211,CITY OF CLINTONVILLE ,2226
WAUPACA COUNTY,69251,CITY OF MANAWA ,705
SHAWANO COUNTY,69252,CITY OF MARION ,12
WAUPACA COUNTY,69252,CITY OF MARION ,643
OUTAGAMIE COUNTY,69261,CITY OF NEW LONDON ,807
WAUPACA COUNTY,69261,CITY OF NEW LONDON ,2845
WAUPACA COUNTY,69291,CITY OF WAUPACA ,3228
WAUPACA COUNTY,69292,CITY OF WEYAUWEGA ,967
WAUSHARA COUNTY,70002,TOWN OF AURORA ,672
WAUSHARA COUNTY,70004,TOWN OF BLOOMFIELD ,710
WAUSHARA COUNTY,70006,TOWN OF COLOMA ,470
WAUSHARA COUNTY,70008,TOWN OF DAKOTA ,676
WAUSHARA COUNTY,70010,TOWN OF DEERFIELD ,506
WAUSHARA COUNTY,70012,TOWN OF HANCOCK ,375
WAUSHARA COUNTY,70014,TOWN OF LEON ,1047
WAUSHARA COUNTY,70016,TOWN OF MARION ,1437
WAUSHARA COUNTY,70018,TOWN OF MOUNT MORRIS ,851
WAUSHARA COUNTY,70020,TOWN OF OASIS ,263
WAUSHARA COUNTY,70022,TOWN OF PLAINFIELD ,310
WAUSHARA COUNTY,70024,TOWN OF POY SIPPI ,591
WAUSHARA COUNTY,70026,TOWN OF RICHFORD ,274
WAUSHARA COUNTY,70028,TOWN OF ROSE ,456
WAUSHARA COUNTY,70030,TOWN OF SAXEVILLE ,732
WAUSHARA COUNTY,70032,TOWN OF SPRINGWATER ,976
WAUSHARA COUNTY,70034,TOWN OF WARREN ,416
WAUSHARA COUNTY,70036,TOWN OF WAUTOMA ,912
WAUSHARA COUNTY,70111,VILLAGE OF COLOMA ,284
WAUSHARA COUNTY,70136,VILLAGE OF HANCOCK ,258
WAUSHARA COUNTY,70146,VILLAGE OF LOHRVILLE ,232
WAUSHARA COUNTY,70171,VILLAGE OF PLAINFIELD ,418
WAUSHARA COUNTY,70176,VILLAGE OF REDGRANITE ,549
WAUSHARA COUNTY,70191,VILLAGE OF WILD ROSE ,454
WAUSHARA COUNTY,70291,CITY OF WAUTOMA ,956
WINNEBAGO COUNTY,71002,TOWN OF ALGOMA ,4955
WINNEBAGO COUNTY,71004,TOWN OF BLACK WOLF ,1807
WINNEBAGO COUNTY,71006,TOWN OF CLAYTON ,3119
WINNEBAGO COUNTY,71010,TOWN OF NEENAH ,2521
WINNEBAGO COUNTY,71012,TOWN OF NEKIMI ,977
WINNEBAGO COUNTY,71014,TOWN OF NEPEUSKUN ,512
WINNEBAGO COUNTY,71016,TOWN OF OMRO ,1742
WINNEBAGO COUNTY,71018,TOWN OF OSHKOSH ,1771
WINNEBAGO COUNTY,71020,TOWN OF POYGAN ,915
WINNEBAGO COUNTY,71022,TOWN OF RUSHFORD ,1129
WINNEBAGO COUNTY,71024,TOWN OF UTICA ,934
WINNEBAGO COUNTY,71026,TOWN OF VINLAND ,1327
WINNEBAGO COUNTY,71028,TOWN OF WINCHESTER ,1340
WINNEBAGO COUNTY,71030,TOWN OF WINNECONNE ,1985
WINNEBAGO COUNTY,71032,TOWN OF WOLF RIVER ,937
WINNEBAGO COUNTY,71121,VILLAGE OF FOX CROSSING ,11547
WINNEBAGO COUNTY,71191,VILLAGE OF WINNECONNE ,1720
CALUMET COUNTY,71251,CITY OF MENASHA ,2069
WINNEBAGO COUNTY,71251,CITY OF MENASHA ,8121
WINNEBAGO COUNTY,71261,CITY OF NEENAH ,16136
WINNEBAGO COUNTY,71265,CITY OF OMRO ,2192
WINNEBAGO COUNTY,71266,CITY OF OSHKOSH ,33878
WOOD COUNTY,72002,TOWN OF ARPIN ,575
WOOD COUNTY,72004,TOWN OF AUBURNDALE ,517
WOOD COUNTY,72006,TOWN OF CAMERON ,337
WOOD COUNTY,72008,TOWN OF CARY ,281
WOOD COUNTY,72010,TOWN OF CRANMOOR ,119
WOOD COUNTY,72012,TOWN OF DEXTER ,243
WOOD COUNTY,72014,TOWN OF GRAND RAPIDS ,5290
WOOD COUNTY,72016,TOWN OF HANSEN ,487
WOOD COUNTY,72018,TOWN OF HILES ,100
WOOD COUNTY,72020,TOWN OF LINCOLN ,1083
WOOD COUNTY,72022,TOWN OF MARSHFIELD ,525
WOOD COUNTY,72024,TOWN OF MILLADORE ,439
WOOD COUNTY,72026,TOWN OF PORT EDWARDS ,854
WOOD COUNTY,72028,TOWN OF REMINGTON ,179
WOOD COUNTY,72030,TOWN OF RICHFIELD ,999
WOOD COUNTY,72032,TOWN OF ROCK ,591
WOOD COUNTY,72034,TOWN OF RUDOLPH ,698
WOOD COUNTY,72036,TOWN OF SARATOGA ,3282
WOOD COUNTY,72038,TOWN OF SENECA ,708
WOOD COUNTY,72040,TOWN OF SHERRY ,485
WOOD COUNTY,72042,TOWN OF SIGEL ,684
WOOD COUNTY,72044,TOWN OF WOOD ,532
WOOD COUNTY,72100,VILLAGE OF ARPIN ,175
WOOD COUNTY,72101,VILLAGE OF AUBURNDALE ,387
WOOD COUNTY,72106,VILLAGE OF BIRON ,502
WOOD COUNTY,72122,VILLAGE OF HEWITT ,550
PORTAGE COUNTY,72151,VILLAGE OF MILLADORE ,5
WOOD COUNTY,72151,VILLAGE OF MILLADORE ,168
WOOD COUNTY,72171,VILLAGE OF PORT EDWARDS ,1083
WOOD COUNTY,72178,VILLAGE OF RUDOLPH ,281
WOOD COUNTY,72186,VILLAGE OF VESPER ,308
MARATHON COUNTY,72251,CITY OF MARSHFIELD ,542
WOOD COUNTY,72251,CITY OF MARSHFIELD ,9889
WOOD COUNTY,72261,CITY OF NEKOOSA ,1332
WOOD COUNTY,72271,CITY OF PITTSVILLE ,485
WOOD COUNTY,72291,CITY OF WISCONSIN RAPIDS ,9851
